event_labels,post_elapsed_s,pre_elapsed_s,joint,reference_phase,q_lower_rad,q_upper_rad,pre_q_rad,post_q_rad,pre_dq_rad_s,post_dq_rad_s,excess_rad,reference_at_control_endpoint_rad,requested_target_rad,adopted_native_target_rad,raw_pd_Nm,clipped_control_Nm,integration_joint_torque_Nm,integration_actuator_force_Nm,left_foot_weight,right_foot_weight,other_contact_norm_weight,integration_ground_vertical_N,postforward_ground_vertical_N,pelvis_height_m,torso_tilt_deg,com_speed_m_s,torso_angular_rad_s,floor_penetration_m,residual_gate
first_excess:right_ankle_pitch_joint:offset=-0.02,0.7539999999999172,0.7529999999999173,left_ankle_pitch_joint,catch-knot-2,-0.803,0.453,-0.7947311225122459,-0.7949854877186809,-0.26130327882114823,-0.2543652064350309,0.0,-0.8029999999999999,-0.803,-0.803,0.47564588008515596,0.47564588008515596,0.47564588008515596,0.47564588008515596,0.0,0.09095682431404388,0.6656113486686964,448.16733583985507,260.1647473827576,0.08266755382461977,79.3550609948092,0.0789539594414994,0.865657626016283,6.238615672544967e-05,0.0
first_excess:right_ankle_pitch_joint:offset=-0.02,0.7539999999999172,0.7529999999999173,left_ankle_roll_joint,catch-knot-2,-0.262,0.262,-0.2535634171477697,-0.2536987833327065,-0.13864892402985038,-0.1353661849367907,0.0,-0.26180002093315125,-0.26180002093315125,-0.26180001616477966,-0.9023461949313776,-0.9023461949313776,-0.9023461949313776,-0.9023461949313776,0.0,0.09095682431404388,0.6656113486686964,448.16733583985507,260.1647473827576,0.08266755382461977,79.3550609948092,0.0789539594414994,0.865657626016283,6.238615672544967e-05,0.0
first_excess:right_ankle_pitch_joint:offset=-0.02,0.7539999999999172,0.7529999999999173,right_ankle_pitch_joint,catch-knot-2,-0.803,0.453,-0.8000049944261488,-0.8001990538145547,-0.20409929833850105,-0.194059388405889,0.0,-0.8029999999999999,-0.803,-0.803,1.4106182940937537,1.4106182940937537,1.4106182940937537,1.4106182940937537,0.0,0.09095682431404388,0.6656113486686964,448.16733583985507,260.1647473827576,0.08266755382461977,79.3550609948092,0.0789539594414994,0.865657626016283,6.238615672544967e-05,0.0
first_excess:right_ankle_pitch_joint:offset=-0.02,0.7539999999999172,0.7529999999999173,right_ankle_roll_joint,catch-knot-2,-0.2625,0.2625,0.20565396971848487,0.205729631249751,0.07666736490367641,0.0756615312661206,0.0,0.21324947476387024,0.21324947476387024,0.21324947252869608,1.4112586251578723,1.4112586251578723,1.4112586251578723,1.4112586251578723,0.0,0.09095682431404388,0.6656113486686964,448.16733583985507,260.1647473827576,0.08266755382461977,79.3550609948092,0.0789539594414994,0.865657626016283,6.238615672544967e-05,0.0
first_excess:right_ankle_pitch_joint:offset=-0.02,0.7539999999999172,0.7529999999999173,waist_pitch_joint,catch-knot-2,-0.314,0.314,-0.045177377842041275,-0.04650108703857146,-1.3473903746383493,-1.32370919653019,0.0,-0.30770084261894226,-0.30770084261894226,-0.12163227730989457,-7.692487907359832,-7.692487907359832,-7.692487907359832,-7.692487907359832,0.0,0.09095682431404388,0.6656113486686964,448.16733583985507,260.1647473827576,0.08266755382461977,79.3550609948092,0.0789539594414994,0.865657626016283,6.238615672544967e-05,0.0
first_excess:right_ankle_pitch_joint:offset=0,0.773999999999915,0.7729999999999151,left_ankle_pitch_joint,catch-knot-2,-0.803,0.453,-0.7976339751502954,-0.7974067933890053,0.1833623013663732,0.22718176129015732,0.0,-0.803,-0.803,-0.803,-3.6843150822735242,-3.6843150822735242,-3.6843150822735242,-3.6843150822735242,0.0,0.11271211541040052,1.2921338433773297,673.6712504654768,496.7572713809512,0.08307906190887897,79.85956899181474,0.05258087308598605,0.6997269150292906,0.002353241348333729,0.0
first_excess:right_ankle_pitch_joint:offset=0,0.773999999999915,0.7729999999999151,left_ankle_roll_joint,catch-knot-2,-0.262,0.262,-0.2555235404284231,-0.2555680899146241,-0.05024116663324705,-0.044549486200951886,0.0,-0.26180002093315125,-0.26180002093315125,-0.26180001616477966,-1.3145288069694838,-1.3145288069694838,-1.3145288069694838,-1.3145288069694838,0.0,0.11271211541040052,1.2921338433773297,673.6712504654768,496.7572713809512,0.08307906190887897,79.85956899181474,0.05258087308598605,0.6997269150292906,0.002353241348333729,0.0
first_excess:right_ankle_pitch_joint:offset=0,0.773999999999915,0.7729999999999151,right_ankle_pitch_joint,catch-knot-2,-0.803,0.453,-0.8030818613621229,-0.8031897425718264,-0.11973527834451728,-0.10788120970345622,0.0001897425718263568,-0.803,-0.803,-0.803,1.3792084448715256,1.3792084448715256,1.3792084448715256,1.3792084448715256,0.0,0.11271211541040052,1.2921338433773297,673.6712504654768,496.7572713809512,0.08307906190887897,79.85956899181474,0.05258087308598605,0.6997269150292906,0.002353241348333729,0.0
first_excess:right_ankle_pitch_joint:offset=0,0.773999999999915,0.7729999999999151,right_ankle_roll_joint,catch-knot-2,-0.2625,0.2625,0.20667047822158777,0.20665640743580488,-0.005704862363206698,-0.014070785782891664,0.0,0.21324947476387024,0.21324947476387024,0.21324947252869608,2.038241441936645,2.038241441936645,2.038241441936645,2.038241441936645,0.0,0.11271211541040052,1.2921338433773297,673.6712504654768,496.7572713809512,0.08307906190887897,79.85956899181474,0.05258087308598605,0.6997269150292906,0.002353241348333729,0.0
first_excess:right_ankle_pitch_joint:offset=0,0.773999999999915,0.7729999999999151,waist_pitch_joint,catch-knot-2,-0.314,0.314,-0.07183972830170343,-0.07307712015521195,-1.2670294979303194,-1.2373918535085118,0.0,-0.30770084261894226,-0.30770084261894226,-0.14563227766752243,-7.802962410547051,-7.802962410547051,-7.802962410547051,-7.802962410547051,0.0,0.11271211541040052,1.2921338433773297,673.6712504654768,496.7572713809512,0.08307906190887897,79.85956899181474,0.05258087308598605,0.6997269150292906,0.002353241348333729,0.0
first_excess:left_ankle_pitch_joint:offset=-0.02,0.7859999999999137,0.7849999999999138,left_ankle_pitch_joint,catch-knot-3,-0.803,0.453,-0.7967308315415912,-0.7970814771993551,-0.3224319833141207,-0.35064565776387824,0.0,-0.803,-0.803,-0.803,1.7671509324428225,1.7671509324428225,1.7671509324428225,1.7671509324428225,0.0,0.14855886356968961,1.699921996120232,601.404109632051,592.1389345667862,0.08333171860627729,80.11279719955431,0.052917593973703936,0.5496697765783878,0.004713437425379212,0.0
first_excess:left_ankle_pitch_joint:offset=-0.02,0.7859999999999137,0.7849999999999138,left_ankle_roll_joint,catch-knot-3,-0.262,0.262,-0.2556683181836094,-0.25566199146918434,0.015215861783565281,0.006326714425103281,0.0,-0.26180002510547634,-0.2618000251054764,-0.2618000317811966,-2.0116619040562553,-2.0116619040562553,-2.0116619040562553,-2.0116619040562553,0.0,0.14855886356968961,1.699921996120232,601.404109632051,592.1389345667862,0.08333171860627729,80.11279719955431,0.052917593973703936,0.5496697765783878,0.004713437425379212,0.0
first_excess:left_ankle_pitch_joint:offset=-0.02,0.7859999999999137,0.7849999999999138,right_ankle_pitch_joint,catch-knot-3,-0.803,0.453,-0.8039335953833507,-0.8039861344008358,-0.05539128676978736,-0.05253901748508626,0.0009861344008357253,-0.803,-0.803,-0.803,0.9067594869022535,0.9067594869022535,0.9067594869022535,0.9067594869022535,0.0,0.14855886356968961,1.699921996120232,601.404109632051,592.1389345667862,0.08333171860627729,80.11279719955431,0.052917593973703936,0.5496697765783878,0.004713437425379212,0.0
first_excess:left_ankle_pitch_joint:offset=-0.02,0.7859999999999137,0.7849999999999138,right_ankle_roll_joint,catch-knot-3,-0.2625,0.2625,0.2063777785980809,0.20638006800329095,-0.006397948541085919,0.002289405210051088,0.0,0.2200465595721712,0.22004655957217242,0.22004656568169595,4.173020649869865,4.173020649869865,4.173020649869865,4.173020649869865,0.0,0.14855886356968961,1.699921996120232,601.404109632051,592.1389345667862,0.08333171860627729,80.11279719955431,0.052917593973703936,0.5496697765783878,0.004713437425379212,0.0
first_excess:left_ankle_pitch_joint:offset=-0.02,0.7859999999999137,0.7849999999999138,waist_pitch_joint,catch-knot-3,-0.314,0.314,-0.08533634239370307,-0.08624376317745788,-0.9651173206936215,-0.9074207837548112,0.0,-0.2901794636250796,-0.29017946362507646,-0.16963226866722106,-14.369721848406572,-14.369721848406572,-14.369721848406572,-14.369721848406572,0.0,0.14855886356968961,1.699921996120232,601.404109632051,592.1389345667862,0.08333171860627729,80.11279719955431,0.052917593973703936,0.5496697765783878,0.004713437425379212,0.0
first_excess:right_ankle_pitch_joint:offset=0.02,0.7939999999999128,0.7929999999999129,left_ankle_pitch_joint,catch-knot-3,-0.803,0.453,-0.7994465203334575,-0.799726106391021,-0.29659629128541903,-0.2795860575635108,0.0,-0.803,-0.803,-0.803,2.289560081520451,2.289560081520451,2.289560081520451,2.289560081520451,0.0,0.14021555976799302,0.7120011307173166,408.4180905226423,295.02111795921513,0.08360875034467505,80.25427745402486,0.05346592030436504,0.43889318688665957,0.004501513479074397,0.0
first_excess:right_ankle_pitch_joint:offset=0.02,0.7939999999999128,0.7929999999999129,left_ankle_roll_joint,catch-knot-3,-0.262,0.262,-0.25592280133673445,-0.2559925033746795,-0.06455366102501514,-0.06970203794503911,0.0,-0.26180002510547634,-0.2618000251054764,-0.2618000317811966,-1.0328278299593483,-1.0328278299593483,-1.0328278299593483,-1.0328278299593483,0.0,0.14021555976799302,0.7120011307173166,408.4180905226423,295.02111795921513,0.08360875034467505,80.25427745402486,0.05346592030436504,0.43889318688665957,0.004501513479074397,0.0
first_excess:right_ankle_pitch_joint:offset=0.02,0.7939999999999128,0.7929999999999129,right_ankle_pitch_joint,catch-knot-3,-0.803,0.453,-0.8042061469978397,-0.8042171268243334,-0.015378356657215441,-0.010979826493744724,0.0012171268243333921,-0.803,-0.803,-0.803,0.5358303437650396,0.5358303437650396,0.5358303437650396,0.5358303437650396,0.0,0.14021555976799302,0.7120011307173166,408.4180905226423,295.02111795921513,0.08360875034467505,80.25427745402486,0.05346592030436504,0.43889318688665957,0.004501513479074397,0.0
first_excess:right_ankle_pitch_joint:offset=0.02,0.7939999999999128,0.7929999999999129,right_ankle_roll_joint,catch-knot-3,-0.2625,0.2625,0.20774821918801356,0.20804119879887667,0.28873091589677974,0.2929796108631016,0.0,0.2200465595721712,0.22004655957217242,0.22004656568169595,0.4228865310036656,0.4228865310036656,0.4228865310036656,0.4228865310036656,0.0,0.14021555976799302,0.7120011307173166,408.4180905226423,295.02111795921513,0.08360875034467505,80.25427745402486,0.05346592030436504,0.43889318688665957,0.004501513479074397,0.0
first_excess:right_ankle_pitch_joint:offset=0.02,0.7939999999999128,0.7929999999999129,waist_pitch_joint,catch-knot-3,-0.314,0.314,-0.09180793184939598,-0.0925150420473232,-0.7392347970131172,-0.7071101979272266,0.0,-0.2901794636250796,-0.29017946362507646,-0.16963226866722106,-14.983814039634945,-14.983814039634945,-14.983814039634945,-14.983814039634945,0.0,0.14021555976799302,0.7120011307173166,408.4180905226423,295.02111795921513,0.08360875034467505,80.25427745402486,0.05346592030436504,0.43889318688665957,0.004501513479074397,0.0
first_excess:left_ankle_pitch_joint:offset=0,0.8059999999999115,0.8049999999999116,left_ankle_pitch_joint,catch-knot-3,-0.803,0.453,-0.802814730268945,-0.8031722450797707,-0.37771032286516404,-0.35751481082564934,0.00017224507977064984,-0.8030000000000002,-0.803,-0.803,4.217723570637373,4.217723570637373,4.217723570637373,4.217723570637373,0.0,0.0,0.8771978510752918,356.7915604312278,291.2027499281161,0.08365641958303684,80.34416227866448,0.06844269165037883,0.23629184683518398,0.0031036467194498346,0.0
first_excess:left_ankle_pitch_joint:offset=0,0.8059999999999115,0.8049999999999116,left_ankle_roll_joint,catch-knot-3,-0.262,0.262,-0.2565165174841435,-0.25652628230502317,-0.004587364691163781,-0.009764820879673614,0.0,-0.2618000319004059,-0.2618000319004059,-0.2618000317811966,-1.5331541822215657,-1.5331541822215657,-1.5331541822215657,-1.5331541822215657,0.0,0.0,0.8771978510752918,356.7915604312278,291.2027499281161,0.08365641958303684,80.34416227866448,0.06844269165037883,0.23629184683518398,0.0031036467194498346,0.0
first_excess:left_ankle_pitch_joint:offset=0,0.8059999999999115,0.8049999999999116,right_ankle_pitch_joint,catch-knot-3,-0.803,0.453,-0.8043772717718172,-0.8043954620962684,-0.0220248253901001,-0.018190324451302958,0.0013954620962683961,-0.8030000000000002,-0.803,-0.803,0.6623639857497678,0.6623639857497678,0.6623639857497678,0.6623639857497678,0.0,0.0,0.8771978510752918,356.7915604312278,291.2027499281161,0.08365641958303684,80.34416227866448,0.06844269165037883,0.23629184683518398,0.0031036467194498346,0.0
first_excess:left_ankle_pitch_joint:offset=0,0.8059999999999115,0.8049999999999116,right_ankle_roll_joint,catch-knot-3,-0.2625,0.2625,0.20964128578579672,0.21004474036229373,0.3256819834824007,0.40345457649702327,0.0,0.2311160976886251,0.23111609768862632,0.23111609369516373,2.7577713483190522,2.7577713483190522,2.7577713483190522,2.7577713483190522,0.0,0.0,0.8771978510752918,356.7915604312278,291.2027499281161,0.08365641958303684,80.34416227866448,0.06844269165037883,0.23629184683518398,0.0031036467194498346,0.0
first_excess:left_ankle_pitch_joint:offset=0,0.8059999999999115,0.8049999999999116,waist_pitch_joint,catch-knot-3,-0.314,0.314,-0.09736390624013369,-0.09763353320267464,-0.23080500382160968,-0.26962696254094526,0.0,-0.26164464640630225,-0.26164464640629903,-0.19363226902484895,-26.269248302069823,-26.269248302069823,-26.269248302069823,-26.269248302069823,0.0,0.0,0.8771978510752918,356.7915604312278,291.2027499281161,0.08365641958303684,80.34416227866448,0.06844269165037883,0.23629184683518398,0.0031036467194498346,0.0
first_excess:left_ankle_pitch_joint:offset=0.02,0.8259999999999093,0.8249999999999094,left_ankle_pitch_joint,catch-knot-3,-0.803,0.453,-0.8055186988394237,-0.8055270403468159,-0.014988059894420433,-0.008341507392107777,0.0025270403468158342,-0.803,-0.803,-0.803,0.9251801924379021,0.9251801924379021,0.9251801924379021,0.9251801924379021,0.0,0.0,1.5452499940679671,480.71117965272583,470.3349128164052,0.08307207661586727,80.29614710374275,0.05445485176997211,0.45358129039556666,7.694648596615061e-05,0.0
first_excess:left_ankle_pitch_joint:offset=0.02,0.8259999999999093,0.8249999999999094,left_ankle_roll_joint,catch-knot-3,-0.262,0.262,-0.2576167670419324,-0.2576797793444846,-0.04608845751942657,-0.06301230255217541,0.0,-0.2618000386953354,-0.2618000386953354,-0.2618000317811966,-0.7335480482366165,-0.7335480482366165,-0.7335480482366165,-0.7335480482366165,0.0,0.0,1.5452499940679671,480.71117965272583,470.3349128164052,0.08307207661586727,80.29614710374275,0.05445485176997211,0.45358129039556666,7.694648596615061e-05,0.0
first_excess:left_ankle_pitch_joint:offset=0.02,0.8259999999999093,0.8249999999999094,right_ankle_pitch_joint,catch-knot-3,-0.803,0.453,-0.8044238117566433,-0.8044425319301529,-0.023480337222656678,-0.018720173509518514,0.0014425319301528683,-0.803,-0.803,-0.803,0.6927932177879893,0.6927932177879893,0.6927932177879893,0.6927932177879893,0.0,0.0,1.5452499940679671,480.71117965272583,470.3349128164052,0.08307207661586727,80.29614710374275,0.05445485176997211,0.45358129039556666,7.694648596615061e-05,0.0
first_excess:left_ankle_pitch_joint:offset=0.02,0.8259999999999093,0.8249999999999094,right_ankle_roll_joint,catch-knot-3,-0.2625,0.2625,0.21631441942086382,0.2166423227341494,0.17806634772750668,0.32790331328558237,0.0,0.24218563580507896,0.24218563580508018,0.24218563735485077,5.746774628528216,5.746774628528216,5.746774628528216,5.746774628528216,0.0,0.0,1.5452499940679671,480.71117965272583,470.3349128164052,0.08307207661586727,80.29614710374275,0.05445485176997211,0.45358129039556666,7.694648596615061e-05,0.0
first_excess:left_ankle_pitch_joint:offset=0.02,0.8259999999999093,0.8249999999999094,waist_pitch_joint,catch-knot-3,-0.314,0.314,-0.09822575890365748,-0.09800170713859034,0.21619344948922467,0.2240517650671418,0.0,-0.23310982918752482,-0.23310982918752166,-0.21763226938247682,-38.267902810556876,-38.267902810556876,-38.267902810556876,-38.267902810556876,0.0,0.0,1.5452499940679671,480.71117965272583,470.3349128164052,0.08307207661586727,80.29614710374275,0.05445485176997211,0.45358129039556666,7.694648596615061e-05,0.0
first_excess:left_ankle_roll_joint:offset=-0.02,0.9069999999999003,0.9059999999999004,left_ankle_pitch_joint,catch-knot-4,-0.803,0.453,-0.8043833023788065,-0.8043904672070904,-0.008519953529515716,-0.007164828283855047,0.0013904672070903512,-0.803,-0.803,-0.803,0.5113829842997756,0.5113829842997756,0.5113829842997756,0.5113829842997756,0.0,0.0,1.2416959291030867,243.49718931863842,401.93235811177595,0.08150757229027311,79.17057836751837,0.0984083861361282,1.5382032620565427,0.0003045633175017548,0.0
first_excess:left_ankle_roll_joint:offset=-0.02,0.9069999999999003,0.9059999999999004,left_ankle_roll_joint,catch-knot-4,-0.262,0.262,-0.260941177209102,-0.26095028737098214,-0.004811828462088488,-0.009110161880153978,0.0,-0.2618000355958939,-0.2618000355958938,-0.2618000317811966,-0.20321674706119688,-0.20321674706119688,-0.20321674706119688,-0.20321674706119688,0.0,0.0,1.2416959291030867,243.49718931863842,401.93235811177595,0.08150757229027311,79.17057836751837,0.0984083861361282,1.5382032620565427,0.0003045633175017548,0.0
first_excess:left_ankle_roll_joint:offset=-0.02,0.9069999999999003,0.9059999999999004,right_ankle_pitch_joint,catch-knot-4,-0.803,0.453,-0.8039138035972194,-0.8039089337676016,0.003756032110380938,0.00486982961773984,0.0009089337676015941,-0.803,-0.803,-0.803,0.23164642675613628,0.23164642675613628,0.23164642675613628,0.23164642675613628,0.0,0.0,1.2416959291030867,243.49718931863842,401.93235811177595,0.08150757229027311,79.17057836751837,0.0984083861361282,1.5382032620565427,0.0003045633175017548,0.0
first_excess:left_ankle_roll_joint:offset=-0.02,0.9069999999999003,0.9059999999999004,right_ankle_roll_joint,catch-knot-4,-0.2625,0.2625,0.25117748836352793,0.25142876108565654,0.24004347915494603,0.25127272212857665,0.0,0.2618000351190567,0.2618000351190567,0.26180003508925437,0.4709820674767462,0.4709820674767462,0.4709820674767462,0.4709820674767462,0.0,0.0,1.2416959291030867,243.49718931863842,401.93235811177595,0.08150757229027311,79.17057836751837,0.0984083861361282,1.5382032620565427,0.0003045633175017548,0.0
first_excess:left_ankle_roll_joint:offset=-0.02,0.9069999999999003,0.9059999999999004,waist_pitch_joint,catch-knot-4,-0.314,0.314,-0.043507565907036506,-0.04144158291970807,2.024790780258928,2.0659829873284385,0.0,-0.10514704339223765,-0.1051470433922338,-0.13257500928640364,-49.62812567309156,-48.0,-48.0,-48.0,0.0,0.0,1.2416959291030867,243.49718931863842,401.93235811177595,0.08150757229027311,79.17057836751837,0.0984083861361282,1.5382032620565427,0.0003045633175017548,0.0
first_excess:left_ankle_roll_joint:offset=0,0.9269999999998981,0.9259999999998982,left_ankle_pitch_joint,catch-knot-4,-0.803,0.453,-0.8046270977745044,-0.8046957776850011,-0.05721333397394298,-0.06867991049678268,0.0016957776850010653,-0.803,-0.803,-0.803,1.1354243151875472,1.1354243151875472,1.1354243151875472,1.1354243151875472,0.3671007967079595,0.0,0.6330700883479401,385.1431209561339,383.43967471822674,0.08128782847013995,78.33233811327376,0.11745484303284225,1.799958398516468,0.0004620710671266485,0.0
first_excess:left_ankle_roll_joint:offset=0,0.9269999999998981,0.9259999999998982,left_ankle_roll_joint,catch-knot-4,-0.262,0.262,-0.2619122241768074,-0.2621525866335009,-0.22480417008703485,-0.240362456693537,0.00015258663350087298,-0.2618000288009643,-0.26180002880096437,-0.2618000317811966,2.5770265684041354,2.5770265684041354,2.5770265684041354,2.5770265684041354,0.3671007967079595,0.0,0.6330700883479401,385.1431209561339,383.43967471822674,0.08128782847013995,78.33233811327376,0.11745484303284225,1.799958398516468,0.0004620710671266485,0.0
first_excess:left_ankle_roll_joint:offset=0,0.9269999999998981,0.9259999999998982,right_ankle_pitch_joint,catch-knot-4,-0.803,0.453,-0.8036793443921332,-0.803678385311068,0.0002699669018490636,0.000959081065068538,0.0006783853110680083,-0.803,-0.803,-0.803,0.20074899080804465,0.20074899080804465,0.20074899080804465,0.20074899080804465,0.3671007967079595,0.0,0.6330700883479401,385.1431209561339,383.43967471822674,0.08128782847013995,78.33233811327376,0.11745484303284225,1.799958398516468,0.0004620710671266485,0.0
first_excess:left_ankle_roll_joint:offset=0,0.9269999999998981,0.9259999999998982,right_ankle_roll_joint,catch-knot-4,-0.2625,0.2625,0.255042417852249,0.2552145371502842,0.16502072016855657,0.1721192980351579,0.0,0.26180001473426817,0.26180001473426817,0.26180001944303516,0.16028415295625864,0.16028415295625864,0.16028415295625864,0.16028415295625864,0.3671007967079595,0.0,0.6330700883479401,385.1431209561339,383.43967471822674,0.08128782847013995,78.33233811327376,0.11745484303284225,1.799958398516468,0.0004620710671266485,0.0
first_excess:left_ankle_roll_joint:offset=0,0.9269999999998981,0.9259999999998982,waist_pitch_joint,catch-knot-4,-0.314,0.314,0.0028597171003122476,0.005682875738754573,2.774250172215281,2.8231586384423255,0.0,-0.07040797054785534,-0.07040797054785149,-0.10857500892877579,-64.81747556042838,-48.0,-48.0,-48.0,0.3671007967079595,0.0,0.6330700883479401,385.1431209561339,383.43967471822674,0.08128782847013995,78.33233811327376,0.11745484303284225,1.799958398516468,0.0004620710671266485,0.0
first_excess:left_ankle_roll_joint:offset=0.02,0.9469999999998959,0.945999999999896,left_ankle_pitch_joint,catch-knot-4,-0.803,0.453,-0.8067128311070273,-0.8068410797170131,-0.1285891690620549,-0.12824860998579718,0.003841079717013085,-0.803,-0.803,-0.803,2.5686697070029334,2.5686697070029334,2.5686697070029334,2.5686697070029334,0.4091650239205732,0.0,0.6453347177840899,397.7612956499346,396.7654277757334,0.08116077273293745,77.2505260689757,0.14033816314921727,2.0207291515480943,0.0015811647261182614,0.0
first_excess:left_ankle_roll_joint:offset=0.02,0.9469999999998959,0.945999999999896,left_ankle_roll_joint,catch-knot-4,-0.262,0.262,-0.2572697062140643,-0.25688423379694914,0.39047535320646576,0.3854724171151803,0.0,-0.26180002200603486,-0.2618000220060348,-0.26180001616477966,-5.776817307430672,-5.776817307430672,-5.776817307430672,-5.776817307430672,0.4091650239205732,0.0,0.6453347177840899,397.7612956499346,396.7654277757334,0.08116077273293745,77.2505260689757,0.14033816314921727,2.0207291515480943,0.0015811647261182614,0.0
first_excess:left_ankle_roll_joint:offset=0.02,0.9469999999998959,0.945999999999896,right_ankle_pitch_joint,catch-knot-4,-0.803,0.453,-0.8034106721033677,-0.8034089043740551,0.001822969003359018,0.0017677293126416927,0.0004089043740550524,-0.803,-0.803,-0.803,0.10257709110360588,0.10257709110360588,0.10257709110360588,0.10257709110360588,0.4091650239205732,0.0,0.6453347177840899,397.7612956499346,396.7654277757334,0.08116077273293745,77.2505260689757,0.14033816314921727,2.0207291515480943,0.0015811647261182614,0.0
first_excess:left_ankle_roll_joint:offset=0.02,0.9469999999998959,0.945999999999896,right_ankle_roll_joint,catch-knot-4,-0.2625,0.2625,0.2579569081398185,0.25809981180525404,0.14348529581231545,0.14290366543557348,0.0,0.2617999943494797,0.26179999434947965,0.26179998815059663,-0.4704268074776894,-0.4704268074776894,-0.4704268074776894,-0.4704268074776894,0.4091650239205732,0.0,0.6453347177840899,397.7612956499346,396.7654277757334,0.08116077273293745,77.2505260689757,0.14033816314921727,2.0207291515480943,0.0015811647261182614,0.0
first_excess:left_ankle_roll_joint:offset=0.02,0.9469999999998959,0.945999999999896,waist_pitch_joint,catch-knot-4,-0.314,0.314,0.06437243701380665,0.06805029778047231,3.6132502444781944,3.6778607666656566,0.0,-0.03566889770347305,-0.0356688977034692,-0.08457500857114791,-85.56349367539809,-48.0,-48.0,-48.0,0.4091650239205732,0.0,0.6453347177840899,397.7612956499346,396.7654277757334,0.08116077273293745,77.2505260689757,0.14033816314921727,2.0207291515480943,0.0015811647261182614,0.0
first_excess:waist_pitch_joint:offset=-0.02,0.9789999999998924,0.9779999999998925,left_ankle_pitch_joint,catch-knot-5,-0.803,0.453,-0.8091763943501405,-0.8092038176375989,-0.030142659317621216,-0.027423287458262037,0.0062038176375988074,-0.803,-0.803,-0.803,2.193943565945924,2.193943565945924,2.193943565945924,2.193943565945924,0.3015320147961516,0.0,0.5945152238501856,327.9446704616949,326.7010286818936,0.08132278927858118,74.89331689727345,0.1943921517611741,2.3233919089871153,0.0005099570269362251,0.0
first_excess:waist_pitch_joint:offset=-0.02,0.9789999999998924,0.9779999999998925,left_ankle_roll_joint,catch-knot-5,-0.262,0.262,-0.2519001117371206,-0.2518086517581235,0.09327653345580598,0.09145997899713922,0.0,-0.26180002093315125,-0.26180002093315125,-0.26180001616477966,-4.025274837612499,-4.025274837612499,-4.025274837612499,-4.025274837612499,0.3015320147961516,0.0,0.5945152238501856,327.9446704616949,326.7010286818936,0.08132278927858118,74.89331689727345,0.1943921517611741,2.3233919089871153,0.0005099570269362251,0.0
first_excess:waist_pitch_joint:offset=-0.02,0.9789999999998924,0.9779999999998925,right_ankle_pitch_joint,catch-knot-5,-0.803,0.453,-0.8027607662392047,-0.8027251692888487,0.03377476000894278,0.035596950355930836,0.0,-0.803,-0.803,-0.803,-0.4538879176029595,-0.4538879176029595,-0.4538879176029595,-0.4538879176029595,0.3015320147961516,0.0,0.5945152238501856,327.9446704616949,326.7010286818936,0.08132278927858118,74.89331689727345,0.1943921517611741,2.3233919089871153,0.0005099570269362251,0.0
first_excess:waist_pitch_joint:offset=-0.02,0.9789999999998924,0.9779999999998925,right_ankle_roll_joint,catch-knot-5,-0.2625,0.2625,0.26084359400573,0.26087694747313217,0.03666090295419756,0.03335346740218884,0.0,0.26180000257492064,0.26180000257492064,0.2618000037968159,-0.12784783200758737,-0.12784783200758737,-0.12784783200758737,-0.12784783200758737,0.3015320147961516,0.0,0.5945152238501856,327.9446704616949,326.7010286818936,0.08132278927858118,74.89331689727345,0.1943921517611741,2.3233919089871153,0.0005099570269362251,0.0
first_excess:waist_pitch_joint:offset=-0.02,0.9789999999998924,0.9779999999998925,waist_pitch_joint,catch-knot-5,-0.314,0.314,0.20370825992982425,0.20854406939991918,4.857819313863525,4.835809470094933,0.0,-0.012860312730184606,-0.012860312730182323,-0.06057501289248467,-134.24493350448276,-48.0,-48.0,-48.0,0.3015320147961516,0.0,0.5945152238501856,327.9446704616949,326.7010286818936,0.08132278927858118,74.89331689727345,0.1943921517611741,2.3233919089871153,0.0005099570269362251,0.0
first_excess:waist_pitch_joint:offset=0|max_excess:waist_pitch_joint:offset=-0.02,0.9989999999998902,0.9979999999998903,left_ankle_pitch_joint,catch-knot-5,-0.803,0.453,-0.8097836701798354,-0.8097924606965692,-0.010682204757487204,-0.008790516733716777,0.006792460696569136,-0.803,-0.803,-0.803,2.155956404703295,2.155956404703295,2.155956404703295,2.155956404703295,0.3250620466399926,0.0,1.2444922051151441,557.8418846675362,544.144179903323,0.08136814581232074,73.14361137926686,0.2410807953333885,2.4547696049594085,0.0005170386079538375,0.0
first_excess:waist_pitch_joint:offset=0|max_excess:waist_pitch_joint:offset=-0.02,0.9989999999998902,0.9979999999998903,left_ankle_roll_joint,catch-knot-5,-0.262,0.262,-0.25190291559556544,-0.25189265605485633,0.010499993652425512,0.010259540709109411,0.0,-0.26180002093315125,-0.26180002093315125,-0.26180001616477966,-3.0879240381889996,-3.0879240381889996,-3.0879240381889996,-3.0879240381889996,0.3250620466399926,0.0,1.2444922051151441,557.8418846675362,544.144179903323,0.08136814581232074,73.14361137926686,0.2410807953333885,2.4547696049594085,0.0005170386079538375,0.0
first_excess:waist_pitch_joint:offset=0|max_excess:waist_pitch_joint:offset=-0.02,0.9989999999998902,0.9979999999998903,right_ankle_pitch_joint,catch-knot-5,-0.803,0.453,-0.8029164791864096,-0.802896926327515,0.02107371329661826,0.019552858894604994,0.0,-0.803,-0.803,-0.803,-0.2634780933062444,-0.2634780933062444,-0.2634780933062444,-0.2634780933062444,0.3250620466399926,0.0,1.2444922051151441,557.8418846675362,544.144179903323,0.08136814581232074,73.14361137926686,0.2410807953333885,2.4547696049594085,0.0005170386079538375,0.0
first_excess:waist_pitch_joint:offset=0|max_excess:waist_pitch_joint:offset=-0.02,0.9989999999998902,0.9979999999998903,right_ankle_roll_joint,catch-knot-5,-0.2625,0.2625,0.26209540648109736,0.26211914122220487,0.027018234202539765,0.02373474110748064,0.0,0.26180001616477966,0.26180001616477966,0.26180001944303516,-0.394292537343495,-0.394292537343495,-0.394292537343495,-0.394292537343495,0.3250620466399926,0.0,1.2444922051151441,557.8418846675362,544.144179903323,0.08136814581232074,73.14361137926686,0.2410807953333885,2.4547696049594085,0.0005170386079538375,0.0
first_excess:waist_pitch_joint:offset=0|max_excess:waist_pitch_joint:offset=-0.02,0.9989999999998902,0.9979999999998903,waist_pitch_joint,catch-knot-5,-0.314,0.314,0.3098942309683664,0.31473931377824094,5.3663814082713035,4.84508280987457,0.0007393137782409354,0.007711305767184786,0.007711305767187069,-0.036575012534856795,-164.6544479985198,-48.0,-48.0,-48.0,0.3250620466399926,0.0,1.2444922051151441,557.8418846675362,544.144179903323,0.08136814581232074,73.14361137926686,0.2410807953333885,2.4547696049594085,0.0005170386079538375,0.0
first_excess:waist_pitch_joint:offset=0.02|max_excess:waist_pitch_joint:offset=0,1.018999999999888,1.017999999999888,left_ankle_pitch_joint,catch-knot-5,-0.803,0.453,-0.8104348378792046,-0.8104778633011813,-0.04209566727585567,-0.043025421976708056,0.007477863301181276,-0.8029999999999999,-0.803,-0.803,2.7067094723906373,2.7067094723906373,2.7067094723906373,2.7067094723906373,0.5209917430873472,0.0,0.0,213.98641394734008,214.4876638702764,0.08213349235588635,72.730728851387,0.2533495411850006,1.7315375589903501,0.00046534294460892894,0.0
first_excess:waist_pitch_joint:offset=0.02|max_excess:waist_pitch_joint:offset=0,1.018999999999888,1.017999999999888,left_ankle_roll_joint,catch-knot-5,-0.262,0.262,-0.2513309432653146,-0.25117521314397784,0.15270110621937705,0.155730121336756,0.0,-0.26180002093315125,-0.26180002093315125,-0.26180001616477966,-4.868337673078066,-4.868337673078066,-4.868337673078066,-4.868337673078066,0.5209917430873472,0.0,0.0,213.98641394734008,214.4876638702764,0.08213349235588635,72.730728851387,0.2533495411850006,1.7315375589903501,0.00046534294460892894,0.0
first_excess:waist_pitch_joint:offset=0.02|max_excess:waist_pitch_joint:offset=0,1.018999999999888,1.017999999999888,right_ankle_pitch_joint,catch-knot-5,-0.803,0.453,-0.8033324401210545,-0.8033354545380068,-0.003963534504918307,-0.003014416952326886,0.00033545453800676306,-0.8029999999999999,-0.803,-0.803,0.14457431033066037,0.14457431033066037,0.14457431033066037,0.14457431033066037,0.5209917430873472,0.0,0.0,213.98641394734008,214.4876638702764,0.08213349235588635,72.730728851387,0.2533495411850006,1.7315375589903501,0.00046534294460892894,0.0
first_excess:waist_pitch_joint:offset=0.02|max_excess:waist_pitch_joint:offset=0,1.018999999999888,1.017999999999888,right_ankle_roll_joint,catch-knot-5,-0.2625,0.2625,0.2620928227933754,0.26203693964555297,-0.055860408082078546,-0.05588314782246603,0.0,0.2618000297546387,0.2618000297546387,0.26180003508925437,0.5441520624386523,0.5441520624386523,0.5441520624386523,0.5441520624386523,0.5209917430873472,0.0,0.0,213.98641394734008,214.4876638702764,0.08213349235588635,72.730728851387,0.2533495411850006,1.7315375589903501,0.00046534294460892894,0.0
first_excess:waist_pitch_joint:offset=0.02|max_excess:waist_pitch_joint:offset=0,1.018999999999888,1.017999999999888,waist_pitch_joint,catch-knot-5,-0.314,0.314,0.34864200503994197,0.34871258475872535,0.16991131071751706,0.07057971878336272,0.03471258475872535,0.028282924264554185,0.028282924264556468,-0.012575012177228928,-110.28743220528969,-48.0,-48.0,-48.0,0.5209917430873472,0.0,0.0,213.98641394734008,214.4876638702764,0.08213349235588635,72.730728851387,0.2533495411850006,1.7315375589903501,0.00046534294460892894,0.0
max_excess:waist_pitch_joint:offset=0.02,1.0389999999998858,1.037999999999886,left_ankle_pitch_joint,catch-knot-5,-0.803,0.453,-0.8116672666527691,-0.8117172777114346,-0.05049264577217332,-0.050011058665583995,0.008717277711434601,-0.803,-0.803,-0.803,3.1714390714395844,3.1714390714395844,3.1714390714395844,3.1714390714395844,0.5063788690875906,0.0,1.081444127720534,211.38871949360077,570.131797339038,0.08616072592984735,73.49960041719025,0.3338527221763796,1.8834343414427634,0.00018778220690819202,0.0
max_excess:waist_pitch_joint:offset=0.02,1.0389999999998858,1.037999999999886,left_ankle_roll_joint,catch-knot-5,-0.262,0.262,-0.24834872782877387,-0.248166483201948,0.18113327121635153,0.18224462682585493,0.0,-0.26180002093315125,-0.26180002093315125,-0.26180001616477966,-6.084675530811083,-6.084675530811083,-6.084675530811083,-6.084675530811083,0.5063788690875906,0.0,1.081444127720534,211.38871949360077,570.131797339038,0.08616072592984735,73.49960041719025,0.3338527221763796,1.8834343414427634,0.00018778220690819202,0.0
max_excess:waist_pitch_joint:offset=0.02,1.0389999999998858,1.037999999999886,right_ankle_pitch_joint,catch-knot-5,-0.803,0.453,-0.8033614323029308,-0.8033513813035759,0.01051639954219394,0.010050999354961588,0.0003513813035758151,-0.803,-0.803,-0.803,-0.010549788000019752,-0.010549788000019752,-0.010549788000019752,-0.010549788000019752,0.5063788690875906,0.0,1.081444127720534,211.38871949360077,570.131797339038,0.08616072592984735,73.49960041719025,0.3338527221763796,1.8834343414427634,0.00018778220690819202,0.0
max_excess:waist_pitch_joint:offset=0.02,1.0389999999998858,1.037999999999886,right_ankle_roll_joint,catch-knot-5,-0.2625,0.2625,0.2618469710360598,0.2618198808402538,-0.026680887051920812,-0.027090195806013722,0.0,0.2618000433444977,0.2618000433444977,0.26180005073547363,0.2877836884239171,0.2877836884239171,0.2877836884239171,0.2877836884239171,0.5063788690875906,0.0,1.081444127720534,211.38871949360077,570.131797339038,0.08616072592984735,73.49960041719025,0.3338527221763796,1.8834343414427634,0.00018778220690819202,0.0
max_excess:waist_pitch_joint:offset=0.02,1.0389999999998858,1.037999999999886,waist_pitch_joint,catch-knot-5,-0.314,0.314,0.34123637002317975,0.3406494744151464,-0.5770704264221279,-0.5868956080333093,0.026649474415146424,0.04885454276192358,0.048854542761925863,0.011424988180398941,-92.41460796490945,-48.0,-48.0,-48.0,0.5063788690875906,0.0,1.081444127720534,211.38871949360077,570.131797339038,0.08616072592984735,73.49960041719025,0.3338527221763796,1.8834343414427634,0.00018778220690819202,0.0
first_excess:right_ankle_roll_joint:offset=-0.02,1.2079999999998672,1.2069999999998673,left_ankle_pitch_joint,catch-knot-7,-0.803,0.453,-0.8016762185373828,-0.8015413935678353,0.12924229209723886,0.13482496954755374,0.0,-0.803,-0.803,-0.803,-1.8593440573139761,-1.8593440573139761,-1.8593440573139761,-1.8593440573139761,0.0,0.0,1.287608211669476,426.53898337119875,374.8350710971188,0.24174203728785465,95.91830435116144,0.760620360001807,3.5655073958392878,7.405512434693895e-06,0.0
first_excess:right_ankle_roll_joint:offset=-0.02,1.2079999999998672,1.2069999999998673,left_ankle_roll_joint,catch-knot-7,-0.262,0.262,-0.2591080730234659,-0.2591990278748369,-0.10080671405401288,-0.09095485137101764,0.0,-0.2618000485897064,-0.2618000485897064,-0.26180004739761353,0.3329054653033192,0.3329054653033192,0.3329054653033192,0.3329054653033192,0.0,0.0,1.287608211669476,426.53898337119875,374.8350710971188,0.24174203728785465,95.91830435116144,0.760620360001807,3.5655073958392878,7.405512434693895e-06,0.0
first_excess:right_ankle_roll_joint:offset=-0.02,1.2079999999998672,1.2069999999998673,right_ankle_pitch_joint,catch-knot-7,-0.803,0.453,-0.8049998072120317,-0.8049597549987612,0.03973950987337967,0.04005221327055712,0.0019597549987611096,-0.803,-0.803,-0.803,0.15034093300954593,0.15034093300954593,0.15034093300954593,0.15034093300954593,0.0,0.0,1.287608211669476,426.53898337119875,374.8350710971188,0.24174203728785465,95.91830435116144,0.760620360001807,3.5655073958392878,7.405512434693895e-06,0.0
first_excess:right_ankle_roll_joint:offset=-0.02,1.2079999999998672,1.2069999999998673,right_ankle_roll_joint,catch-knot-7,-0.2625,0.2625,0.25868629375175184,0.2587432851187702,0.046899568235128475,0.05699136701838011,0.0,0.2618000230789184,0.2618000230789185,0.26180001944303516,0.40350966364450724,0.40350966364450724,0.40350966364450724,0.40350966364450724,0.0,0.0,1.287608211669476,426.53898337119875,374.8350710971188,0.24174203728785465,95.91830435116144,0.760620360001807,3.5655073958392878,7.405512434693895e-06,0.0
first_excess:right_ankle_roll_joint:offset=-0.02,1.2079999999998672,1.2069999999998673,waist_pitch_joint,catch-knot-7,-0.314,0.314,0.20978926368946677,0.2069223743104442,-2.9688234347912235,-2.8668893790225654,0.0,0.11109603524210646,0.11109603524210604,0.11109603506326675,3.980434338322592,3.980434338322592,3.980434338322592,3.980434338322592,0.0,0.0,1.287608211669476,426.53898337119875,374.8350710971188,0.24174203728785465,95.91830435116144,0.760620360001807,3.5655073958392878,7.405512434693895e-06,0.0
first_excess:right_ankle_roll_joint:offset=0,1.227999999999865,1.226999999999865,left_ankle_pitch_joint,catch-knot-8,-0.803,0.453,-0.7988253172194354,-0.7987555852947252,0.06896040746385225,0.06973192471011408,0.0,-0.803,-0.803,-0.803,-2.0326027821866335,-2.0326027821866335,-2.0326027821866335,-2.0326027821866335,0.0,0.0,0.0,0.0,0.0,0.2530388463623666,98.504269381481,0.680889191709999,2.860223603983453,0.0,0.0
first_excess:right_ankle_roll_joint:offset=0,1.227999999999865,1.226999999999865,left_ankle_roll_joint,catch-knot-8,-0.262,0.262,-0.2602665756421935,-0.2603122120258076,-0.05219276722327271,-0.04563638361412694,0.0,-0.26180005073547363,-0.26180005073547363,-0.26180004739761353,0.13045222749346985,0.13045222749346985,0.13045222749346985,0.13045222749346985,0.0,0.0,0.0,0.0,0.0,0.2530388463623666,98.504269381481,0.680889191709999,2.860223603983453,0.0,0.0
first_excess:right_ankle_roll_joint:offset=0,1.227999999999865,1.226999999999865,right_ankle_pitch_joint,catch-knot-8,-0.803,0.453,-0.804139367594848,-0.8041208710463209,-0.009537007179178316,0.01849654852716338,0.0011208710463208593,-0.803,-0.803,-0.803,0.44970919763235034,0.44970919763235034,0.44970919763235034,0.44970919763235034,0.0,0.0,0.0,0.0,0.0,0.2530388463623666,98.504269381481,0.680889191709999,2.860223603983453,0.0,0.0
first_excess:right_ankle_roll_joint:offset=0,1.227999999999865,1.226999999999865,right_ankle_roll_joint,catch-knot-8,-0.2625,0.2625,0.26243893283509134,0.2626317403059913,0.2958722898617092,0.1928074708999253,0.00013174030599127917,0.2618000255823135,0.2618000255823135,0.26180001944303516,-3.539086858039358,-3.539086858039358,-3.539086858039358,-3.539086858039358,0.0,0.0,0.0,0.0,0.0,0.2530388463623666,98.504269381481,0.680889191709999,2.860223603983453,0.0,0.0
first_excess:right_ankle_roll_joint:offset=0,1.227999999999865,1.226999999999865,waist_pitch_joint,catch-knot-8,-0.314,0.314,0.14730281695056943,0.14435667629976232,-2.941313345135086,-2.9461406508071297,0.0,0.07869284346730793,0.07869284346730288,0.08709603470563888,15.215127117552957,15.215127117552957,15.215127117552957,15.215127117552957,0.0,0.0,0.0,0.0,0.0,0.2530388463623666,98.504269381481,0.680889191709999,2.860223603983453,0.0,0.0
first_excess:right_ankle_roll_joint:offset=0.02,1.2479999999998628,1.2469999999998629,left_ankle_pitch_joint,catch-knot-8,-0.803,0.453,-0.7971240861246517,-0.7971108225414127,0.014198197787360959,0.01326358323889999,0.0,-0.8029999999999999,-0.8029999999999999,-0.803,-1.9234084335816402,-1.9234084335816402,-1.9234084335816402,-1.9234084335816402,0.0,0.0,0.0,0.0,0.0,0.25918452020081095,100.27190249604928,0.6429141508137062,1.7842347061880042,0.0,0.0
first_excess:right_ankle_roll_joint:offset=0.02,1.2479999999998628,1.2469999999998629,left_ankle_roll_joint,catch-knot-8,-0.262,0.262,-0.2607838999676616,-0.26081262091999935,-0.033097109410609116,-0.028720952337756567,0.0,-0.26180005073547363,-0.26180005073547363,-0.26180004739761353,0.06960681904505783,0.06960681904505783,0.06960681904505783,0.06960681904505783,0.0,0.0,0.0,0.0,0.0,0.25918452020081095,100.27190249604928,0.6429141508137062,1.7842347061880042,0.0,0.0
first_excess:right_ankle_roll_joint:offset=0.02,1.2479999999998628,1.2469999999998629,right_ankle_pitch_joint,catch-knot-8,-0.803,0.453,-0.8056513560358659,-0.8058315361625015,-0.3075603368961056,-0.1801801266355654,0.0028315361625014246,-0.8029999999999999,-0.8029999999999999,-0.803,4.275054808251845,4.275054808251845,4.275054808251845,4.275054808251845,0.0,0.0,0.0,0.0,0.0,0.25918452020081095,100.27190249604928,0.6429141508137062,1.7842347061880042,0.0,0.0
first_excess:right_ankle_roll_joint:offset=0.02,1.2479999999998628,1.2469999999998629,right_ankle_roll_joint,catch-knot-8,-0.2625,0.2625,0.2629724473439288,0.26293116066640504,-0.034409751960223514,-0.041286677523730504,0.00043116066640502826,0.26180003237724303,0.26180003237724303,0.26180003508925437,0.037578226798017034,0.037578226798017034,0.037578226798017034,0.037578226798017034,0.0,0.0,0.0,0.0,0.0,0.25918452020081095,100.27190249604928,0.6429141508137062,1.7842347061880042,0.0,0.0
first_excess:right_ankle_roll_joint:offset=0.02,1.2479999999998628,1.2469999999998629,waist_pitch_joint,catch-knot-8,-0.314,0.314,0.09422116490642035,0.09196287860640812,-2.247182341270532,-2.2582863000122395,0.0,0.033107334673720415,0.03310733467371535,0.06309603434801102,16.086426785678093,16.086426785678093,16.086426785678093,16.086426785678093,0.0,0.0,0.0,0.0,0.0,0.25918452020081095,100.27190249604928,0.6429141508137062,1.7842347061880042,0.0,0.0
max_excess:right_ankle_roll_joint:offset=-0.02,1.2719999999998601,1.2709999999998602,left_ankle_pitch_joint,catch-knot-8,-0.803,0.453,-0.7959875485175776,-0.7959583363866392,0.030030111985273184,0.029212130938434198,0.0,-0.803,-0.803,-0.803,-2.4434873779199893,-2.4434873779199893,-2.4434873779199893,-2.4434873779199893,0.0,0.0,0.7126409714564249,254.09375429033747,237.37727294434293,0.2620607663777997,101.52259152530591,0.5659918772101763,1.101659661198334,0.00010072833417784643,0.0
max_excess:right_ankle_roll_joint:offset=-0.02,1.2719999999998601,1.2709999999998602,left_ankle_roll_joint,catch-knot-8,-0.262,0.262,-0.2616942700987497,-0.2617356145882542,-0.04709308687015297,-0.041344489504466814,0.0,-0.26180005073547363,-0.26180005073547363,-0.26180004739761353,0.5010642675071219,0.5010642675071219,0.5010642675071219,0.5010642675071219,0.0,0.0,0.7126409714564249,254.09375429033747,237.37727294434293,0.2620607663777997,101.52259152530591,0.5659918772101763,1.101659661198334,0.00010072833417784643,0.0
max_excess:right_ankle_roll_joint:offset=-0.02,1.2719999999998601,1.2709999999998602,right_ankle_pitch_joint,catch-knot-8,-0.803,0.453,-0.8052003647857489,-0.8051760384390787,-0.006746215261316257,0.024326346670144453,0.0021760384390786536,-0.803,-0.803,-0.803,0.7364341486625773,0.7364341486625773,0.7364341486625773,0.7364341486625773,0.0,0.0,0.7126409714564249,254.09375429033747,237.37727294434293,0.2620607663777997,101.52259152530591,0.5659918772101763,1.101659661198334,0.00010072833417784643,0.0
max_excess:right_ankle_roll_joint:offset=-0.02,1.2719999999998601,1.2709999999998602,right_ankle_roll_joint,catch-knot-8,-0.2625,0.2625,0.2627269365247598,0.26271790459720556,0.0112050086211964,-0.009031927554224136,0.00021790459720555377,0.26180003917217254,0.26180003917217254,0.26180003508925437,-0.4048406319204607,-0.4048406319204607,-0.4048406319204607,-0.4048406319204607,0.0,0.0,0.7126409714564249,254.09375429033747,237.37727294434293,0.2620607663777997,101.52259152530591,0.5659918772101763,1.101659661198334,0.00010072833417784643,0.0
max_excess:right_ankle_roll_joint:offset=-0.02,1.2719999999998601,1.2709999999998602,waist_pitch_joint,catch-knot-8,-0.314,0.314,0.04535002425039431,0.04350006849340208,-1.8405367223228286,-1.849955756992234,0.0,-0.012478174119867118,-0.012478174119872176,0.039096036329865455,18.947099581878685,18.947099581878685,18.947099581878685,18.947099581878685,0.0,0.0,0.7126409714564249,254.09375429033747,237.37727294434293,0.2620607663777997,101.52259152530591,0.5659918772101763,1.101659661198334,0.00010072833417784643,0.0
max_excess:right_ankle_roll_joint:offset=0,1.291999999999858,1.290999999999858,left_ankle_pitch_joint,catch-knot-8,-0.803,0.453,-0.7957164665033033,-0.7957232044221975,-0.006673843886495583,-0.006737918894118908,0.0,-0.8029999999999999,-0.803,-0.803,-2.109554124709482,-2.109554124709482,-2.109554124709482,-2.109554124709482,0.0,0.0,0.0,202.87388479614714,0.0,0.262360831685774,102.12690401074029,0.4652288973793712,0.8410906107363443,0.0,0.0
max_excess:right_ankle_roll_joint:offset=0,1.291999999999858,1.290999999999858,left_ankle_roll_joint,catch-knot-8,-0.262,0.262,-0.26263998034167774,-0.26267459309529156,-0.04049130378426377,-0.03461275361383047,0.0006745930952915535,-0.26180005073547363,-0.26180005073547363,-0.26180004739761353,0.7100866909782599,0.7100866909782599,0.7100866909782599,0.7100866909782599,0.0,0.0,0.0,202.87388479614714,0.0,0.262360831685774,102.12690401074029,0.4652288973793712,0.8410906107363443,0.0,0.0
max_excess:right_ankle_roll_joint:offset=0,1.291999999999858,1.290999999999858,right_ankle_pitch_joint,catch-knot-8,-0.803,0.453,-0.8055816547304359,-0.8056011615925723,-0.05464058975890589,-0.019506862136512485,0.0026011615925722875,-0.8029999999999999,-0.803,-0.803,1.392684123875617,1.392684123875617,1.392684123875617,1.392684123875617,0.0,0.0,0.0,202.87388479614714,0.0,0.262360831685774,102.12690401074029,0.4652288973793712,0.8410906107363443,0.0,0.0
max_excess:right_ankle_roll_joint:offset=0,1.291999999999858,1.290999999999858,right_ankle_roll_joint,catch-knot-8,-0.2625,0.2625,0.26424741210081054,0.2642784209084989,0.09451735107938132,0.031008807688358776,0.00177842090849889,0.26180004596710205,0.26180004596710205,0.26180005073547363,-1.8035501678093955,-1.8035501678093955,-1.8035501678093955,-1.8035501678093955,0.0,0.0,0.0,202.87388479614714,0.0,0.262360831685774,102.12690401074029,0.4652288973793712,0.8410906107363443,0.0,0.0
max_excess:right_ankle_roll_joint:offset=0,1.291999999999858,1.290999999999858,waist_pitch_joint,catch-knot-8,-0.314,0.314,0.010441529864638041,0.008847217493419142,-1.566437809440722,-1.5943123712189007,0.0,-0.058063682913454644,-0.0580636829134597,0.015096034802496433,19.118572239158087,19.118572239158087,19.118572239158087,19.118572239158087,0.0,0.0,0.0,202.87388479614714,0.0,0.262360831685774,102.12690401074029,0.4652288973793712,0.8410906107363443,0.0,0.0
max_excess:right_ankle_roll_joint:offset=0.02,1.3119999999998557,1.3109999999998558,left_ankle_pitch_joint,catch-knot-9,-0.803,0.453,-0.7965461237972407,-0.7966203247219822,-0.07701004228209328,-0.07420092474158359,0.0,-0.803,-0.803,-0.803,-1.0648936909537223,-1.0648936909537223,-1.0648936909537223,-1.0648936909537223,0.0,0.0,0.7047792705784162,227.44773974297144,216.5999662333634,0.2615181309293395,102.52255094459902,0.3735402756306699,0.46241950282310385,6.64786161998221e-05,0.0
max_excess:right_ankle_roll_joint:offset=0.02,1.3119999999998557,1.3109999999998558,left_ankle_roll_joint,catch-knot-9,-0.262,0.262,-0.2615014279003754,-0.26142008538985423,0.08994090313195685,0.0813425105211503,0.0,-0.2618116527795789,-0.2618116527795789,-0.2618116503953934,-1.1106319086757848,-1.1106319086757848,-1.1106319086757848,-1.1106319086757848,0.0,0.0,0.7047792705784162,227.44773974297144,216.5999662333634,0.2615181309293395,102.52255094459902,0.3735402756306699,0.46241950282310385,6.64786161998221e-05,0.0
max_excess:right_ankle_roll_joint:offset=0.02,1.3119999999998557,1.3109999999998558,right_ankle_pitch_joint,catch-knot-9,-0.803,0.453,-0.8065232570883759,-0.806591470355426,-0.11997733788774098,-0.0682132670500419,0.003591470355425952,-0.803,-0.803,-0.803,2.4143657538588608,2.4143657538588608,2.4143657538588608,2.4143657538588608,0.0,0.0,0.7047792705784162,227.44773974297144,216.5999662333634,0.2615181309293395,102.52255094459902,0.3735402756306699,0.46241950282310385,6.64786161998221e-05,0.0
max_excess:right_ankle_roll_joint:offset=0.02,1.3119999999998557,1.3109999999998558,right_ankle_roll_joint,catch-knot-9,-0.2625,0.2625,0.2629810942332724,0.2629115590146796,-0.0446429324272324,-0.06953521859279684,0.00041155901467959666,0.261795788884163,0.261795788884163,0.2617957949638367,0.1494873431908642,0.1494873431908642,0.1494873431908642,0.1494873431908642,0.0,0.0,0.7047792705784162,227.44773974297144,216.5999662333634,0.2615181309293395,102.52255094459902,0.3735402756306699,0.46241950282310385,6.64786161998221e-05,0.0
max_excess:right_ankle_roll_joint:offset=0.02,1.3119999999998557,1.3109999999998558,waist_pitch_joint,catch-knot-9,-0.314,0.314,-0.01812788015108945,-0.019384709647025607,-1.2276654611177618,-1.256829495936159,0.0,-0.09880913758256606,-0.09880913758256932,-0.008903964970260858,16.656623715606646,16.656623715606646,16.656623715606646,16.656623715606646,0.0,0.0,0.7047792705784162,227.44773974297144,216.5999662333634,0.2615181309293395,102.52255094459902,0.3735402756306699,0.46241950282310385,6.64786161998221e-05,0.0
max_excess:right_ankle_pitch_joint:offset=-0.02,1.418999999999844,1.417999999999844,left_ankle_pitch_joint,catch-knot-10,-0.803,0.453,-0.8163209055129298,-0.8164315597227807,-0.13987387648962737,-0.11065420985092346,0.01343155972278065,-0.803,-0.803,-0.803,5.578763919105566,5.578763919105566,5.578763919105566,5.578763919105566,0.5126347720780243,0.6297756893201443,0.924598903422419,477.8881601163341,777.514797789337,0.24102126476362118,100.8195435382168,0.21656455798993512,1.6794502391282191,0.002858146293261375,0.0
max_excess:right_ankle_pitch_joint:offset=-0.02,1.418999999999844,1.417999999999844,left_ankle_roll_joint,catch-knot-10,-0.262,0.262,-0.26550043548302243,-0.26551806850072013,-0.025585529227440923,-0.01763301769771219,0.0035180685007201173,-0.2617811505794541,-0.2617811505794541,-0.26178115153312687,1.405252404440192,1.405252404440192,1.405252404440192,1.405252404440192,0.5126347720780243,0.6297756893201443,0.924598903422419,477.8881601163341,777.514797789337,0.24102126476362118,100.8195435382168,0.21656455798993512,1.6794502391282191,0.002858146293261375,0.0
max_excess:right_ankle_pitch_joint:offset=-0.02,1.418999999999844,1.417999999999844,right_ankle_pitch_joint,catch-knot-10,-0.803,0.453,-0.8107812072842515,-0.8109270911815498,-0.15110206014284291,-0.1458838972983093,0.007927091181549772,-0.8024975873718305,-0.8024975873718304,-0.8024975875616074,4.1946105788454275,4.1946105788454275,4.1946105788454275,4.1946105788454275,0.5126347720780243,0.6297756893201443,0.924598903422419,477.8881601163341,777.514797789337,0.24102126476362118,100.8195435382168,0.21656455798993512,1.6794502391282191,0.002858146293261375,0.0
max_excess:right_ankle_pitch_joint:offset=-0.02,1.418999999999844,1.417999999999844,right_ankle_roll_joint,catch-knot-10,-0.2625,0.2625,0.2634496312482996,0.2635014425589468,0.055345398156400195,0.05181131064716449,0.0010014425589467968,0.2617646763324735,0.2617646763324735,0.26176467463374137,-1.1316486858692363,-1.1316486858692363,-1.1316486858692363,-1.1316486858692363,0.5126347720780243,0.6297756893201443,0.924598903422419,477.8881601163341,777.514797789337,0.24102126476362118,100.8195435382168,0.21656455798993512,1.6794502391282191,0.002858146293261375,0.0
max_excess:right_ankle_pitch_joint:offset=-0.02,1.418999999999844,1.417999999999844,waist_pitch_joint,catch-knot-10,-0.314,0.314,-0.06608248302572481,-0.065370439436706,0.8026145473914184,0.7120435890188089,0.0,-0.23273233377921593,-0.23273233377921765,-0.12890396851301195,-27.926992672417235,-27.926992672417235,-27.926992672417235,-27.926992672417235,0.5126347720780243,0.6297756893201443,0.924598903422419,477.8881601163341,777.514797789337,0.24102126476362118,100.8195435382168,0.21656455798993512,1.6794502391282191,0.002858146293261375,0.0
max_excess:right_ankle_pitch_joint:offset=0,1.4389999999998417,1.4379999999998418,left_ankle_pitch_joint,catch-knot-10,-0.803,0.453,-0.8140494222989378,-0.813748771259944,0.30216928054542586,0.30065103899382795,0.010748771259944001,-0.803,-0.803,-0.803,-0.10382846775755672,-0.10382846775755672,-0.10382846775755672,-0.10382846775755672,0.0,0.3854219620652156,0.0,159.9400881148731,158.67479157689183,0.2414381824373353,100.53389326687025,0.27811990668586245,2.261210389957478,0.0008800783069613195,0.0
max_excess:right_ankle_pitch_joint:offset=0,1.4389999999998417,1.4379999999998418,left_ankle_roll_joint,catch-knot-10,-0.262,0.262,-0.26340140972281056,-0.2632484619290644,0.16483837239899768,0.1529477937461222,0.001248461929064415,-0.2615734091997163,-0.2615734091997163,-0.26157340633869175,-1.3165322795337107,-1.3165322795337107,-1.3165322795337107,-1.3165322795337107,0.0,0.3854219620652156,0.0,159.9400881148731,158.67479157689183,0.2414381824373353,100.53389326687025,0.27811990668586245,2.261210389957478,0.0008800783069613195,0.0
max_excess:right_ankle_pitch_joint:offset=0,1.4389999999998417,1.4379999999998418,right_ankle_pitch_joint,catch-knot-10,-0.803,0.453,-0.812753232289763,-0.8127559492662899,-0.013330714959804106,-0.0027169765268247404,0.009755949266289865,-0.8019468658371016,-0.8019468658371014,-0.8019468817710876,3.3927249787408993,3.3927249787408993,3.3927249787408993,3.3927249787408993,0.0,0.3854219620652156,0.0,159.9400881148731,158.67479157689183,0.2414381824373353,100.53389326687025,0.27811990668586245,2.261210389957478,0.0008800783069613195,0.0
max_excess:right_ankle_pitch_joint:offset=0,1.4389999999998417,1.4379999999998418,right_ankle_roll_joint,catch-knot-10,-0.2625,0.2625,0.26379508027195736,0.26379100060529526,-0.0024058594061516117,-0.00407966666211404,0.001291000605295245,0.26179460120201087,0.26179460120201087,0.2617946058511734,-0.5729231342244413,-0.5729231342244413,-0.5729231342244413,-0.5729231342244413,0.0,0.3854219620652156,0.0,159.9400881148731,158.67479157689183,0.2414381824373353,100.53389326687025,0.27811990668586245,2.261210389957478,0.0008800783069613195,0.0
max_excess:right_ankle_pitch_joint:offset=0,1.4389999999998417,1.4379999999998418,waist_pitch_joint,catch-knot-10,-0.314,0.314,-0.054735007651459326,-0.05513112485211791,-0.26311279680417704,-0.39611720065857925,0.0,-0.24799040573823294,-0.24799040573823466,-0.1529039688706398,-26.473906880359074,-26.473906880359074,-26.473906880359074,-26.473906880359074,0.0,0.3854219620652156,0.0,159.9400881148731,158.67479157689183,0.2414381824373353,100.53389326687025,0.27811990668586245,2.261210389957478,0.0008800783069613195,0.0
max_excess:right_ankle_pitch_joint:offset=0.02,1.4589999999998395,1.4579999999998396,left_ankle_pitch_joint,catch-knot-10,-0.803,0.453,-0.810329569988719,-0.8102890658519619,0.044232031597319796,0.04050413675705709,0.007289065851961873,-0.8030000000000002,-0.803,-0.803,1.6984426848057166,1.6984426848057166,1.6984426848057166,1.6984426848057166,0.413874180924308,0.3429553544351432,1.2057143361024132,316.1250261475302,712.8346679739209,0.24222821745686934,100.67603393223652,0.32846393091278175,2.91347298207731,0.0012524517357828347,0.0
max_excess:right_ankle_pitch_joint:offset=0.02,1.4589999999998395,1.4579999999998396,left_ankle_roll_joint,catch-knot-10,-0.262,0.262,-0.26240500686577445,-0.2624479014059593,-0.04466625008985445,-0.04289454018483597,0.0004479014059592945,-0.2613656678199785,-0.26136566781997844,-0.2613656611442566,0.8171446497147262,0.8171446497147262,0.8171446497147262,0.8171446497147262,0.413874180924308,0.3429553544351432,1.2057143361024132,316.1250261475302,712.8346679739209,0.24222821745686934,100.67603393223652,0.32846393091278175,2.91347298207731,0.0012524517357828347,0.0
max_excess:right_ankle_pitch_joint:offset=0.02,1.4589999999998395,1.4579999999998396,right_ankle_pitch_joint,catch-knot-10,-0.803,0.453,-0.8119012388296979,-0.8118221399057848,0.07649354268190295,0.07909892391305895,0.008822139905784732,-0.8013961443023727,-0.8013961443023725,-0.8013961310982705,2.286106675470531,2.286106675470531,2.286106675470531,2.286106675470531,0.413874180924308,0.3429553544351432,1.2057143361024132,316.1250261475302,712.8346679739209,0.24222821745686934,100.67603393223652,0.32846393091278175,2.91347298207731,0.0012524517357828347,0.0
max_excess:right_ankle_pitch_joint:offset=0.02,1.4589999999998395,1.4579999999998396,right_ankle_roll_joint,catch-knot-10,-0.2625,0.2625,0.2624571059595363,0.2623890670903366,-0.06310276992196483,-0.06803886919968018,0.0,0.2618245260715482,0.26182452607154827,0.26182452142238616,0.5241509832305686,0.5241509832305686,0.5241509832305686,0.5241509832305686,0.413874180924308,0.3429553544351432,1.2057143361024132,316.1250261475302,712.8346679739209,0.24222821745686934,100.67603393223652,0.32846393091278175,2.91347298207731,0.0012524517357828347,0.0
max_excess:right_ankle_pitch_joint:offset=0.02,1.4589999999998395,1.4579999999998396,waist_pitch_joint,catch-knot-10,-0.314,0.314,-0.06803229810198222,-0.06902241331267667,-0.9318108577916994,-0.9901152106944529,0.0,-0.26324847769724996,-0.2632484776972517,-0.17690395987033844,-22.11926210926264,-22.11926210926264,-22.11926210926264,-22.11926210926264,0.413874180924308,0.3429553544351432,1.2057143361024132,316.1250261475302,712.8346679739209,0.24222821745686934,100.67603393223652,0.32846393091278175,2.91347298207731,0.0012524517357828347,0.0
long_airborne_start:None:offset=-0.02,1.9109999999997898,1.9099999999997899,left_ankle_pitch_joint,unchanged-prefix-boundary,-0.803,0.453,-0.6590498938577043,-0.6589279018338727,0.0961905819412564,0.1219920238316013,0.0,-0.6514118332253075,-0.651411833225307,-0.6514118354320526,1.2031453232644225,1.2031453232644225,1.2031453232644225,1.2031453232644225,0.0,0.0,0.0,0.0,0.0,0.5029852126030989,43.86798512269919,1.6433515595759565,5.320375719058041,0.0,0.0
long_airborne_start:None:offset=-0.02,1.9109999999997898,1.9099999999997899,left_ankle_roll_joint,unchanged-prefix-boundary,-0.262,0.262,-0.08402272429491264,-0.084205583443157,0.16475968426745732,-0.18285914824435928,0.0,-0.133008916365587,-0.13300891636558718,-0.13300891149044036,-16.559899198845095,-16.559899198845095,-16.559899198845095,-16.559899198845095,0.0,0.0,0.0,0.0,0.0,0.5029852126030989,43.86798512269919,1.6433515595759565,5.320375719058041,0.0,0.0
long_airborne_start:None:offset=-0.02,1.9109999999997898,1.9099999999997899,right_ankle_pitch_joint,unchanged-prefix-boundary,-0.803,0.453,-0.6438081278699466,-0.6433815411569684,0.3639167721234892,0.4265867129781553,0.0,-0.6179983393826771,-0.617998339382676,-0.617998356282711,3.625683198474035,3.625683198474035,3.625683198474035,3.625683198474035,0.0,0.0,0.0,0.0,0.0,0.5029852126030989,43.86798512269919,1.6433515595759565,5.320375719058041,0.0,0.0
long_airborne_start:None:offset=-0.02,1.9109999999997898,1.9099999999997899,right_ankle_roll_joint,unchanged-prefix-boundary,-0.2625,0.2625,0.05137849366943035,0.05075552937263935,-0.9553514511686738,-0.6229642967909991,0.0,0.07449578643975838,0.07449578643975716,0.0744957882910967,17.743756219104355,17.743756219104355,17.743756219104355,17.743756219104355,0.0,0.0,0.0,0.0,0.0,0.5029852126030989,43.86798512269919,1.6433515595759565,5.320375719058041,0.0,0.0
long_airborne_start:None:offset=-0.02,1.9109999999997898,1.9099999999997899,waist_pitch_joint,unchanged-prefix-boundary,-0.314,0.314,-0.03175353517103637,-0.028481470309779856,3.277700155671937,3.272064861256516,0.0,0.08950171422948408,0.0895017142294867,0.08950171500444412,-0.7063690557051174,-0.7063690557051174,-0.7063690557051174,-0.7063690557051174,0.0,0.0,0.0,0.0,0.0,0.5029852126030989,43.86798512269919,1.6433515595759565,5.320375719058041,0.0,0.0
long_airborne_start:None:offset=0,1.9309999999997876,1.9299999999997877,left_ankle_pitch_joint,unchanged-prefix-boundary,-0.803,0.453,-0.655626633879998,-0.6553890344153979,0.23937627350373025,0.23759946460010414,0.0,-0.647017477031606,-0.6470174770316055,-0.6470174994468689,-0.1254930500557383,-0.1254930500557383,-0.1254930500557383,-0.1254930500557383,0.95038631010042,0.0,0.0,0.0,391.26558555373344,0.5308284890617406,38.602610604112364,1.5127904356352306,4.950760775694886,1.2369002657229393e-05,0.0
long_airborne_start:None:offset=0,1.9309999999997876,1.9299999999997877,left_ankle_roll_joint,unchanged-prefix-boundary,-0.262,0.262,-0.09486221386182135,-0.09570101274442674,-0.8368853270001049,-0.8387988826054001,0.0,-0.1344914567929994,-0.13449145679299956,-0.13449145603179932,-2.420496014236665,-2.420496014236665,-2.420496014236665,-2.420496014236665,0.95038631010042,0.0,0.0,0.0,391.26558555373344,0.5308284890617406,38.602610604112364,1.5127904356352306,4.950760775694886,1.2369002657229393e-05,0.0
long_airborne_start:None:offset=0,1.9309999999997876,1.9299999999997877,right_ankle_pitch_joint,unchanged-prefix-boundary,-0.803,0.453,-0.6330067480953515,-0.6325120648207998,0.459221245321905,0.49468327455172073,0.0,-0.6080635026721375,-0.6080635026721365,-0.6080635250806808,2.2874715982883975,2.2874715982883975,2.2874715982883975,2.2874715982883975,0.95038631010042,0.0,0.0,0.0,391.26558555373344,0.5308284890617406,38.602610604112364,1.5127904356352306,4.950760775694886,1.2369002657229393e-05,0.0
long_airborne_start:None:offset=0,1.9309999999997876,1.9299999999997877,right_ankle_roll_joint,unchanged-prefix-boundary,-0.2625,0.2625,0.049176680412094616,0.04884503391698939,-0.5308022708270344,-0.3316464951052246,0.0,0.06354750327380754,0.06354750327380633,0.06354750283062459,10.316588888295222,10.316588888295222,10.316588888295222,10.316588888295222,0.95038631010042,0.0,0.0,0.0,391.26558555373344,0.5308284890617406,38.602610604112364,1.5127904356352306,4.950760775694886,1.2369002657229393e-05,0.0
long_airborne_start:None:offset=0,1.9309999999997876,1.9299999999997877,waist_pitch_joint,unchanged-prefix-boundary,-0.314,0.314,0.02958624253667528,0.03247637014997431,2.886799344692125,2.8901276132990286,0.0,0.11308936615240545,0.11308936615240807,0.11308936756849289,-7.609468771361648,-7.609468771361648,-7.609468771361648,-7.609468771361648,0.95038631010042,0.0,0.0,0.0,391.26558555373344,0.5308284890617406,38.602610604112364,1.5127904356352306,4.950760775694886,1.2369002657229393e-05,0.0
long_airborne_start:None:offset=0.02,1.9509999999997854,1.9499999999997855,left_ankle_pitch_joint,fixed-start-quintic-1,-0.803,0.453,-0.6521691246444641,-0.6520316343032801,0.14340422143302325,0.1374903411839381,0.0,-0.6469860448903422,-0.6469860448903422,-0.6469860369563103,-0.0675072523709519,-0.0675072523709519,-0.0675072523709519,-0.0675072523709519,0.0,0.0,0.0,0.0,0.0,0.5567950228644563,33.76762934205983,1.3423581365966124,4.574481279493984,0.0,0.0
long_airborne_start:None:offset=0.02,1.9509999999997854,1.9499999999997855,left_ankle_roll_joint,fixed-start-quintic-1,-0.262,0.262,-0.10891748136978532,-0.1096005050557775,-0.6938637982018604,-0.6830236859921656,0.0,-0.13448619052678876,-0.13448619052678878,-0.1344861932992935,0.1795591720017793,0.1795591720017793,0.1795591720017793,0.1795591720017793,0.0,0.0,0.0,0.0,0.0,0.5567950228644563,33.76762934205983,1.3423581365966124,4.574481279493984,0.0,0.0
long_airborne_start:None:offset=0.02,1.9509999999997854,1.9499999999997855,right_ankle_pitch_joint,fixed-start-quintic-1,-0.803,0.453,-0.6237125757154568,-0.6233603147552865,0.3632576131874251,0.3522609601702539,0.0,-0.6078862567046713,-0.6078862567046713,-0.6078862400054932,0.6381099673495942,0.6381099673495942,0.6381099673495942,0.6381099673495942,0.0,0.0,0.0,0.0,0.0,0.5567950228644563,33.76762934205983,1.3423581365966124,4.574481279493984,0.0,0.0
long_airborne_start:None:offset=0.02,1.9509999999997854,1.9499999999997855,right_ankle_roll_joint,fixed-start-quintic-1,-0.2625,0.2625,0.05263504534648398,0.052961615066682025,0.32468535020626504,0.32656972019804864,0.0,0.06348390895150072,0.0634839089515007,0.06348390877246857,-0.41873637832908805,-0.41873637832908805,-0.41873637832908805,-0.41873637832908805,0.0,0.0,0.0,0.0,0.0,0.5567950228644563,33.76762934205983,1.3423581365966124,4.574481279493984,0.0,0.0
long_airborne_start:None:offset=0.02,1.9509999999997854,1.9499999999997855,waist_pitch_joint,fixed-start-quintic-1,-0.314,0.314,0.08715931197307418,0.08998270436534762,2.8362676075206923,2.8233923922734383,0.0,0.11312385478422511,0.11312385478422511,0.11312385153770446,-24.299343067212945,-24.299343067212945,-24.299343067212945,-24.299343067212945,0.0,0.0,0.0,0.0,0.0,0.5567950228644563,33.76762934205983,1.3423581365966124,4.574481279493984,0.0,0.0
long_airborne_last_sample:None:offset=-0.02,2.125999999999766,2.1249999999997664,left_ankle_pitch_joint,fixed-start-quintic-10,-0.803,0.453,-0.6350381570946333,-0.6347762796221458,0.2629017405425133,0.2618774724874847,0.0,-0.6266539723644131,-0.6266539723644127,-0.626653952240944,-0.4591322002669318,-0.4591322002669318,-0.4591322002669318,-0.4591322002669318,0.0,0.0,0.0,0.0,0.0,0.6143882507489503,21.020442147704262,0.7537774989477752,1.8347940176741706,0.0,0.0
long_airborne_last_sample:None:offset=-0.02,2.125999999999766,2.1249999999997664,left_ankle_roll_joint,fixed-start-quintic-10,-0.262,0.262,-0.1332532913756122,-0.13315235456782235,0.10152860311533866,0.10093680778987005,0.0,-0.13107967405314844,-0.13107967405314838,-0.13107967495918274,-0.49658009502721867,-0.49658009502721867,-0.49658009502721867,-0.49658009502721867,0.0,0.0,0.0,0.0,0.0,0.6143882507489503,21.020442147704262,0.7537774989477752,1.8347940176741706,0.0,0.0
long_airborne_last_sample:None:offset=-0.02,2.125999999999766,2.1249999999997664,right_ankle_pitch_joint,fixed-start-quintic-10,-0.803,0.453,-0.5404188062265808,-0.5392105897862731,1.1990408655612452,1.2082164403076947,0.0,-0.4932336201429138,-0.49323362014291083,-0.49323360311985015,0.5899621006888864,0.5899621006888864,0.5899621006888864,0.5899621006888864,0.0,0.0,0.0,0.0,0.0,0.6143882507489503,21.020442147704262,0.7537774989477752,1.8347940176741706,0.0,0.0
long_airborne_last_sample:None:offset=-0.02,2.125999999999766,2.1249999999997664,right_ankle_roll_joint,fixed-start-quintic-10,-0.2625,0.2625,0.039313861896905354,0.03880334606311195,-0.5141610628629005,-0.5105158337934035,0.0,0.022347533224421783,0.02234753322442072,0.02234753407537937,0.7271700403012407,0.7271700403012407,0.7271700403012407,0.7271700403012407,0.0,0.0,0.0,0.0,0.0,0.6143882507489503,21.020442147704262,0.7537774989477752,1.8347940176741706,0.0,0.0
long_airborne_last_sample:None:offset=-0.02,2.125999999999766,2.1249999999997664,waist_pitch_joint,fixed-start-quintic-10,-0.314,0.314,0.12041948894664595,0.11983837255391804,-0.5864522268308217,-0.5811163927279157,0.0,0.13543303676206425,0.13543303676206483,0.1354330331683159,11.13901280944539,11.13901280944539,11.13901280944539,11.13901280944539,0.0,0.0,0.0,0.0,0.0,0.6143882507489503,21.020442147704262,0.7537774989477752,1.8347940176741706,0.0,0.0
landing:None:offset=-0.02,2.126999999999766,2.125999999999766,left_ankle_pitch_joint,fixed-start-quintic-10,-0.803,0.453,-0.6347762796221458,-0.6345182870056272,0.2618774724874847,0.25799261651863553,0.0,-0.6266539723644131,-0.6266539723644127,-0.626653952240944,-0.5261071718137709,-0.5261071718137709,-0.5261071718137709,-0.5261071718137709,0.0,0.0,0.0,0.0,0.0,0.6138164874392223,20.991502503586258,0.7603262076441891,1.842529420773216,0.0,0.0
landing:None:offset=-0.02,2.126999999999766,2.125999999999766,left_ankle_roll_joint,fixed-start-quintic-10,-0.262,0.262,-0.13315235456782235,-0.13305253414275028,0.10093680778987005,0.09982042507204908,0.0,-0.13107967405314844,-0.13107967405314838,-0.13107967495918274,-0.5201657375607625,-0.5201657375607625,-0.5201657375607625,-0.5201657375607625,0.0,0.0,0.0,0.0,0.0,0.6138164874392223,20.991502503586258,0.7603262076441891,1.842529420773216,0.0,0.0
landing:None:offset=-0.02,2.126999999999766,2.125999999999766,right_ankle_pitch_joint,fixed-start-quintic-10,-0.803,0.453,-0.5392105897862731,-0.5380056406306246,1.2082164403076947,1.2049491556484964,0.0,-0.4932336201429138,-0.49323362014291083,-0.49323360311985015,0.12368739060461031,0.12368739060461031,0.12368739060461031,0.12368739060461031,0.0,0.0,0.0,0.0,0.0,0.6138164874392223,20.991502503586258,0.7603262076441891,1.842529420773216,0.0,0.0
landing:None:offset=-0.02,2.126999999999766,2.125999999999766,right_ankle_roll_joint,fixed-start-quintic-10,-0.2625,0.2625,0.03880334606311195,0.03830093867875419,-0.5105158337934035,-0.5024073843577593,0.0,0.022347533224421783,0.02234753322442072,0.02234753407537937,0.8390837313349477,0.8390837313349477,0.8390837313349477,0.8390837313349477,0.0,0.0,0.0,0.0,0.0,0.6138164874392223,20.991502503586258,0.7603262076441891,1.842529420773216,0.0,0.0
landing:None:offset=-0.02,2.126999999999766,2.125999999999766,waist_pitch_joint,fixed-start-quintic-10,-0.314,0.314,0.11983837255391804,0.11926307516521283,-0.5811163927279157,-0.5752973887052145,0.0,0.13543303676206425,0.13543303676206483,0.1354330331683159,11.252979655624545,11.252979655624545,11.252979655624545,11.252979655624545,0.0,0.0,0.0,0.0,0.0,0.6138164874392223,20.991502503586258,0.7603262076441891,1.842529420773216,0.0,0.0
long_airborne_last_sample:None:offset=0,2.1459999999997637,2.144999999999764,left_ankle_pitch_joint,fixed-start-quintic-11,-0.803,0.453,-0.6305048841181878,-0.6302189057489423,0.2874183633719729,0.2859783692454563,0.0,-0.6213366031169595,-0.6213366031169589,-0.6213366118073463,-0.5012858871933314,-0.5012858871933314,-0.5012858871933314,-0.5012858871933314,0.0,0.0,0.0,0.0,0.0,0.6012658488691281,20.365574944602248,0.8961368363522094,2.0010712366616294,0.0,0.0
long_airborne_last_sample:None:offset=0,2.1459999999997637,2.144999999999764,left_ankle_roll_joint,fixed-start-quintic-11,-0.262,0.262,-0.1315139021472151,-0.1314272469333944,0.0877788630290696,0.08665521382071262,0.0,-0.13018878081465646,-0.13018878081465637,-0.1301887817978859,-0.5955683638844471,-0.5955683638844471,-0.5955683638844471,-0.5955683638844471,0.0,0.0,0.0,0.0,0.0,0.6012658488691281,20.365574944602248,0.8961368363522094,2.0010712366616294,0.0,0.0
long_airborne_last_sample:None:offset=0,2.1459999999997637,2.144999999999764,right_ankle_pitch_joint,fixed-start-quintic-11,-0.803,0.453,-0.5181198009977427,-0.5167109383085108,1.3995411639711355,1.4088626892318528,0.0,-0.4632489541421656,-0.46324895414216233,-0.46324895197153093,0.627253946364263,0.627253946364263,0.627253946364263,0.627253946364263,0.0,0.0,0.0,0.0,0.0,0.6012658488691281,20.365574944602248,0.8961368363522094,2.0010712366616294,0.0,0.0
long_airborne_last_sample:None:offset=0,2.1459999999997637,2.144999999999764,right_ankle_roll_joint,fixed-start-quintic-11,-0.2625,0.2625,0.030290444153683236,0.029730836032148267,-0.564268498516971,-0.5596081215349679,0.0,0.011589294045217715,0.011589294045216521,0.011589294439181686,0.773624393030361,0.773624393030361,0.773624393030361,0.773624393030361,0.0,0.0,0.0,0.0,0.0,0.6012658488691281,20.365574944602248,0.8961368363522094,2.0010712366616294,0.0,0.0
long_airborne_last_sample:None:offset=0,2.1459999999997637,2.144999999999764,waist_pitch_joint,fixed-start-quintic-11,-0.314,0.314,0.11139168587547904,0.11110183875759551,-0.29505720436564686,-0.2898471178835264,0.0,0.14126747189077668,0.14126747189077732,0.14126746809482574,12.300925866522311,12.300925866522311,12.300925866522311,12.300925866522311,0.0,0.0,0.0,0.0,0.0,0.6012658488691281,20.365574944602248,0.8961368363522094,2.0010712366616294,0.0,0.0
landing:None:offset=0,2.146999999999764,2.1459999999997637,left_ankle_pitch_joint,fixed-start-quintic-11,-0.803,0.453,-0.6302189057489423,-0.6299375971550953,0.2859783692454563,0.2813085938470052,0.0,-0.6213366031169595,-0.6213366031169589,-0.6213366118073463,-0.5707877241793184,-0.5707877241793184,-0.5707877241793184,-0.5707877241793184,0.7238604277325078,0.0,0.0,0.0,298.0068958337687,0.6005239500115228,20.329555953729777,0.9037860872071843,2.008776727142309,4.963229483014985e-05,0.0
landing:None:offset=0,2.146999999999764,2.1459999999997637,left_ankle_roll_joint,fixed-start-quintic-11,-0.262,0.262,-0.1314272469333944,-0.13134227723316166,0.08665521382071262,0.08496970023271364,0.0,-0.13018878081465646,-0.13018878081465637,-0.1301887817978859,-0.6088522884321919,-0.6088522884321919,-0.6088522884321919,-0.6088522884321919,0.7238604277325078,0.0,0.0,0.0,298.0068958337687,0.6005239500115228,20.329555953729777,0.9037860872071843,2.008776727142309,4.963229483014985e-05,0.0
landing:None:offset=0,2.146999999999764,2.1459999999997637,right_ankle_pitch_joint,fixed-start-quintic-11,-0.803,0.453,-0.5167109383085108,-0.515306771252157,1.4088626892318528,1.4041670563538033,0.0,-0.4632489541421656,-0.46324895414216233,-0.46324895197153093,0.09913412002901723,0.09913412002901723,0.09913412002901723,0.09913412002901723,0.7238604277325078,0.0,0.0,0.0,298.0068958337687,0.6005239500115228,20.329555953729777,0.9037860872071843,2.008776727142309,4.963229483014985e-05,0.0
landing:None:offset=0,2.146999999999764,2.1459999999997637,right_ankle_roll_joint,fixed-start-quintic-11,-0.2625,0.2625,0.029730836032148267,0.029180872560556584,-0.5596081215349679,-0.5499634715916841,0.0,0.011589294045217715,0.011589294045216521,0.011589294439181686,0.8887806828210882,0.8887806828210882,0.8887806828210882,0.8887806828210882,0.7238604277325078,0.0,0.0,0.0,298.0068958337687,0.6005239500115228,20.329555953729777,0.9037860872071843,2.008776727142309,4.963229483014985e-05,0.0
landing:None:offset=0,2.146999999999764,2.1459999999997637,waist_pitch_joint,fixed-start-quintic-11,-0.314,0.314,0.11110183875759551,0.11081761982640134,-0.2898471178835264,-0.2842189311941701,0.0,0.14126747189077668,0.14126747189077732,0.14126746809482574,12.32893460217416,12.32893460217416,12.32893460217416,12.32893460217416,0.7238604277325078,0.0,0.0,0.0,298.0068958337687,0.6005239500115228,20.329555953729777,0.9037860872071843,2.008776727142309,4.963229483014985e-05,0.0
long_airborne_last_sample:None:offset=0.02,2.1659999999997614,2.164999999999762,left_ankle_pitch_joint,fixed-start-quintic-12,-0.803,0.453,-0.6924335831700453,-0.6977999844543129,-5.25411717551293,-5.366401284267585,0.0,-0.6154685350386829,-0.6154685350386823,-0.6154685207009316,82.53306888399656,36.0,36.0,36.0,1.0802665265313445,0.0,0.0,409.1732046123492,444.73611474130325,0.5864896247018302,19.743870064496924,0.8699693658010059,2.250344752383429,0.006144617727321565,0.0
long_airborne_last_sample:None:offset=0.02,2.1659999999997614,2.164999999999762,left_ankle_roll_joint,fixed-start-quintic-12,-0.262,0.262,-0.14408397822755453,-0.14490453014895213,-0.8428133241920428,-0.8205519213976087,0.0,-0.12920562129898983,-0.12920562129898971,-0.12920561903715133,13.998852026090074,13.998852026090074,13.998852026090074,13.998852026090074,1.0802665265313445,0.0,0.0,409.1732046123492,444.73611474130325,0.5864896247018302,19.743870064496924,0.8699693658010059,2.250344752383429,0.006144617727321565,0.0
long_airborne_last_sample:None:offset=0.02,2.1659999999997614,2.164999999999762,right_ankle_pitch_joint,fixed-start-quintic-12,-0.803,0.453,-0.492222639501024,-0.49060670626472364,1.606599773595117,1.615933236300373,0.0,-0.4301588952787473,-0.4301588952787436,-0.43015889465808865,0.4425219398905398,0.4425219398905398,0.4425219398905398,0.4425219398905398,1.0802665265313445,0.0,0.0,409.1732046123492,444.73611474130325,0.5864896247018302,19.743870064496924,0.8699693658010059,2.250344752383429,0.006144617727321565,0.0
long_airborne_last_sample:None:offset=0.02,2.1659999999997614,2.164999999999762,right_ankle_roll_joint,fixed-start-quintic-12,-0.2625,0.2625,0.01992155190617899,0.019267389338199683,-0.6597453988133641,-0.6541625679793055,0.0,-0.00028313327138854464,-0.0002831332713898627,-0.00028313328075455505,1.4027615696407851,1.4027615696407851,1.4027615696407851,1.4027615696407851,1.0802665265313445,0.0,0.0,409.1732046123492,444.73611474130325,0.5864896247018302,19.743870064496924,0.8699693658010059,2.250344752383429,0.006144617727321565,0.0
long_airborne_last_sample:None:offset=0.02,2.1659999999997614,2.164999999999762,waist_pitch_joint,fixed-start-quintic-12,-0.314,0.314,0.10974523486330064,0.10975591017088442,0.024568526700910257,0.010675307583774015,0.0,0.1477061563116428,0.1477061563116435,0.1477061538696289,11.110314552554858,11.110314552554858,11.110314552554858,11.110314552554858,1.0802665265313445,0.0,0.0,409.1732046123492,444.73611474130325,0.5864896247018302,19.743870064496924,0.8699693658010059,2.250344752383429,0.006144617727321565,0.0
landing:None:offset=0.02,2.166999999999762,2.1659999999997614,left_ankle_pitch_joint,fixed-start-quintic-12,-0.803,0.453,-0.6977999844543129,-0.7031963620558319,-5.366401284267585,-5.396377601518978,0.0,-0.6154685350386829,-0.6154685350386823,-0.6154685207009316,85.4133389447953,36.0,36.0,36.0,1.0641884929161687,0.0,0.0,443.0586805414781,438.1169313943445,0.5857738906622504,19.72152193405825,0.8679673847038417,2.2572352843017183,0.006156974838914027,0.0
landing:None:offset=0.02,2.166999999999762,2.1659999999997614,left_ankle_roll_joint,fixed-start-quintic-12,-0.262,0.262,-0.14490453014895213,-0.14580950262679895,-0.8205519213976087,-0.9049724778468283,0.0,-0.12920562129898983,-0.12920562129898971,-0.12920561903715133,13.993158580514642,13.993158580514642,13.993158580514642,13.993158580514642,1.0641884929161687,0.0,0.0,443.0586805414781,438.1169313943445,0.5857738906622504,19.72152193405825,0.8679673847038417,2.2572352843017183,0.006156974838914027,0.0
landing:None:offset=0.02,2.166999999999762,2.1659999999997614,right_ankle_pitch_joint,fixed-start-quintic-12,-0.803,0.453,-0.49060670626472364,-0.4889974661556723,1.615933236300373,1.609240109051352,0.0,-0.4301588952787473,-0.4301588952787436,-0.43015889465808865,-0.14785410733298576,-0.14785410733298576,-0.14785410733298576,-0.14785410733298576,1.0641884929161687,0.0,0.0,443.0586805414781,438.1169313943445,0.5857738906622504,19.72152193405825,0.8679673847038417,2.2572352843017183,0.006156974838914027,0.0
landing:None:offset=0.02,2.166999999999762,2.1659999999997614,right_ankle_roll_joint,fixed-start-quintic-12,-0.2625,0.2625,0.019267389338199683,0.018624281299729782,-0.6541625679793055,-0.6431080384699015,0.0,-0.00028313327138854464,-0.0002831332713898627,-0.00028313328075455505,1.535847819378894,1.535847819378894,1.535847819378894,1.535847819378894,1.0641884929161687,0.0,0.0,443.0586805414781,438.1169313943445,0.5857738906622504,19.72152193405825,0.8679673847038417,2.2572352843017183,0.006156974838914027,0.0
landing:None:offset=0.02,2.166999999999762,2.1659999999997614,waist_pitch_joint,fixed-start-quintic-12,-0.314,0.314,0.10975591017088442,0.10975771025269977,0.010675307583774015,0.0018000818153626572,0.0,0.1477061563116428,0.1477061563116435,0.1477061538696289,11.264295791483526,11.264295791483526,11.264295791483526,11.264295791483526,1.0641884929161687,0.0,0.0,443.0586805414781,438.1169313943445,0.5857738906622504,19.72152193405825,0.8679673847038417,2.2572352843017183,0.006156974838914027,0.0
peak_integration_ground_load:None:offset=-0.02,2.1689999999997616,2.1679999999997612,left_ankle_pitch_joint,fixed-start-quintic-12,-0.803,0.453,-0.7086163961826792,-0.7140520660691769,-5.420034126847294,-5.435669886497708,0.0,-0.6154685350386829,-0.6154685350386823,-0.6154685207009316,89.26504881022396,36.0,36.0,36.0,1.073518098044239,0.0,0.0,443.3745797496899,441.95784679329813,0.5843488885277148,19.67935855099148,0.8639827457131496,2.271136397704939,0.0061310729079443555,0.0
peak_integration_ground_load:None:offset=-0.02,2.1689999999997616,2.1679999999997612,left_ankle_roll_joint,fixed-start-quintic-12,-0.262,0.262,-0.14677958054924928,-0.14780329260352032,-0.9700779224503173,-1.023712054271047,0.0,-0.12920562129898983,-0.12920562129898971,-0.12920561903715133,16.24736728953302,16.24736728953302,16.24736728953302,16.24736728953302,1.073518098044239,0.0,0.0,443.3745797496899,441.95784679329813,0.5843488885277148,19.67935855099148,0.8639827457131496,2.271136397704939,0.0061310729079443555,0.0
peak_integration_ground_load:None:offset=-0.02,2.1689999999997616,2.1679999999997612,right_ankle_pitch_joint,fixed-start-quintic-12,-0.803,0.453,-0.48740601195932026,-0.4858400949989598,1.5914541963520548,1.5659169603604735,0.0,-0.4301588952787473,-0.4301588952787436,-0.43015889465808865,-0.8311136766437208,-0.8311136766437208,-0.8311136766437208,-0.8311136766437208,1.073518098044239,0.0,0.0,443.3745797496899,441.95784679329813,0.5843488885277148,19.67935855099148,0.8639827457131496,2.271136397704939,0.0061310729079443555,0.0
peak_integration_ground_load:None:offset=-0.02,2.1689999999997616,2.1679999999997612,right_ankle_roll_joint,fixed-start-quintic-12,-0.2625,0.2625,0.01799570617654613,0.01738364221458432,-0.6285751231836549,-0.6120639619618096,0.0,-0.00028313327138854464,-0.0002831332713898627,-0.00028313328075455505,1.6278638762231052,1.6278638762231052,1.6278638762231052,1.6278638762231052,1.073518098044239,0.0,0.0,443.3745797496899,441.95784679329813,0.5843488885277148,19.67935855099148,0.8639827457131496,2.271136397704939,0.0061310729079443555,0.0
peak_integration_ground_load:None:offset=-0.02,2.1689999999997616,2.1679999999997612,waist_pitch_joint,fixed-start-quintic-12,-0.314,0.314,0.10975118780598976,0.10973754464307521,-0.006522446710006732,-0.013643162914555423,0.0,0.1477061563116428,0.1477061563116435,0.1477061538696289,11.460282879868922,11.460282879868922,11.460282879868922,11.460282879868922,1.073518098044239,0.0,0.0,443.3745797496899,441.95784679329813,0.5843488885277148,19.67935855099148,0.8639827457131496,2.271136397704939,0.0061310729079443555,0.0
max_excess:left_ankle_pitch_joint:offset=-0.02,2.1859999999997592,2.18499999999976,left_ankle_pitch_joint,fixed-start-quintic-13,-0.803,0.453,-0.8024215197949707,-0.8079769947497761,-5.5661610617765085,-5.555474954805427,0.004976994749776087,-0.6091132701112429,-0.6091132701112423,-0.6091132771372796,120.96639650864626,36.0,36.0,36.0,1.8561982812383464,0.0,0.0,461.0053856173379,764.1803124624304,0.5726678189963862,19.435939473639557,0.8295066472521295,2.344305666143963,0.004157219519501566,0.0
max_excess:left_ankle_pitch_joint:offset=-0.02,2.1859999999997592,2.18499999999976,left_ankle_roll_joint,fixed-start-quintic-13,-0.262,0.262,-0.16600031700067866,-0.16715613321456502,-1.1497607944880583,-1.1558162138863575,0.0,-0.1281408348812715,-0.1281408348812714,-0.1281408370733261,24.365902450604786,24.0,24.0,24.0,1.8561982812383464,0.0,0.0,461.0053856173379,764.1803124624304,0.5726678189963862,19.435939473639557,0.8295066472521295,2.344305666143963,0.004157219519501566,0.0
max_excess:left_ankle_pitch_joint:offset=-0.02,2.1859999999997592,2.18499999999976,right_ankle_pitch_joint,fixed-start-quintic-13,-0.803,0.453,-0.4627255077877694,-0.4609259381479626,1.79119968342875,1.7995696398067589,0.0,-0.39432153147580845,-0.39432153147580445,-0.3943215245902538,0.2560838774680043,0.2560838774680043,0.2560838774680043,0.2560838774680043,1.8561982812383464,0.0,0.0,461.0053856173379,764.1803124624304,0.5726678189963862,19.435939473639557,0.8295066472521295,2.344305666143963,0.004157219519501566,0.0
max_excess:left_ankle_pitch_joint:offset=-0.02,2.1859999999997592,2.18499999999976,right_ankle_roll_joint,fixed-start-quintic-13,-0.2625,0.2625,0.008536856646441758,0.007850259892985193,-0.6934272640823876,-0.6865967534565661,0.0,-0.013141269871427603,-0.01314126987142903,-0.013141270307824016,1.341795844796927,1.341795844796927,1.341795844796927,1.341795844796927,1.8561982812383464,0.0,0.0,461.0053856173379,764.1803124624304,0.5726678189963862,19.435939473639557,0.8295066472521295,2.344305666143963,0.004157219519501566,0.0
max_excess:left_ankle_pitch_joint:offset=-0.02,2.1859999999997592,2.18499999999976,waist_pitch_joint,fixed-start-quintic-13,-0.314,0.314,0.10917498090368802,0.10907575648246322,-0.07909581683464163,-0.09922442122479841,0.0,0.1546794130518411,0.15467941305184188,0.15467941135168076,14.54619614955405,14.54619614955405,14.54619614955405,14.54619614955405,1.8561982812383464,0.0,0.0,461.0053856173379,764.1803124624304,0.5726678189963862,19.435939473639557,0.8295066472521295,2.344305666143963,0.004157219519501566,0.0
peak_integration_ground_load:None:offset=0,2.1889999999997594,2.187999999999759,left_ankle_pitch_joint,fixed-start-quintic-13,-0.803,0.453,-0.8175799128112391,-0.8217014332043859,-4.562554942600209,-4.121520393146848,0.018701433204385887,-0.6091132701112429,-0.6091132701112423,-0.6091132771372796,114.15940733336876,36.0,36.0,36.0,1.7689307498536968,2.0398690481281583,0.0,1626.681419263664,1568.0489790060726,0.5707737332113902,19.41412167468753,0.779844924756705,2.373669383458092,0.003737281913385497,0.0
peak_integration_ground_load:None:offset=0,2.1889999999997594,2.187999999999759,left_ankle_roll_joint,fixed-start-quintic-13,-0.262,0.262,-0.17044158977177393,-0.17255034409522174,-1.799407341096539,-2.108754323447826,0.0,-0.1281408348812715,-0.1281408348812714,-0.1281408370733261,33.048195937633835,24.0,24.0,24.0,1.7689307498536968,2.0398690481281583,0.0,1626.681419263664,1568.0489790060726,0.5707737332113902,19.41412167468753,0.779844924756705,2.373669383458092,0.003737281913385497,0.0
peak_integration_ground_load:None:offset=0,2.1889999999997594,2.187999999999759,right_ankle_pitch_joint,fixed-start-quintic-13,-0.803,0.453,-0.4573662027683369,-0.45553528009830735,1.7696030413190358,1.8309226700295647,0.0,-0.39432153147580845,-0.39432153147580445,-0.3943215245902538,-1.107369514975538,-1.107369514975538,-1.107369514975538,-1.107369514975538,1.7689307498536968,2.0398690481281583,0.0,1626.681419263664,1568.0489790060726,0.5707737332113902,19.41412167468753,0.779844924756705,2.373669383458092,0.003737281913385497,0.0
peak_integration_ground_load:None:offset=0,2.1889999999997594,2.187999999999759,right_ankle_roll_joint,fixed-start-quintic-13,-0.2625,0.2625,0.006506129538629088,0.006428827572300653,-0.6659098874021548,-0.0773019663284349,0.0,-0.013141269871427603,-0.01314126987142903,-0.013141270307824016,1.639690398723813,1.639690398723813,1.639690398723813,1.639690398723813,1.7689307498536968,2.0398690481281583,0.0,1626.681419263664,1568.0489790060726,0.5707737332113902,19.41412167468753,0.779844924756705,2.373669383458092,0.003737281913385497,0.0
peak_integration_ground_load:None:offset=0,2.1889999999997594,2.187999999999759,waist_pitch_joint,fixed-start-quintic-13,-0.314,0.314,0.10890509088299702,0.10891948745641633,-0.08182221903769826,0.01439657341930979,0.0,0.1546794130518411,0.15467941305184188,0.15467941135168076,14.658008875537721,14.658008875537721,14.658008875537721,14.658008875537721,1.7689307498536968,2.0398690481281583,0.0,1626.681419263664,1568.0489790060726,0.5707737332113902,19.41412167468753,0.779844924756705,2.373669383458092,0.003737281913385497,0.0
max_excess:left_ankle_pitch_joint:offset=0|max_excess:left_ankle_roll_joint:offset=-0.02,2.205999999999757,2.2049999999997576,left_ankle_pitch_joint,fixed-start-quintic-14,-0.803,0.453,-0.8480813165092109,-0.8481852184695959,-0.21756941342636488,-0.10390196038499738,0.04518521846959589,-0.6023449207739942,-0.6023449207739934,-0.6023449369072914,76.18243080237684,36.0,36.0,36.0,1.3492868794337287,1.4703510680152714,0.0,1186.632514247659,1160.8198485535745,0.5643346006804492,19.289796965459548,0.3991963827556128,2.193451628469247,0.009043374048776736,0.0
max_excess:left_ankle_pitch_joint:offset=0|max_excess:left_ankle_roll_joint:offset=-0.02,2.205999999999757,2.2049999999997576,left_ankle_roll_joint,fixed-start-quintic-14,-0.262,0.262,-0.22987465067787854,-0.23402369529431466,-4.166552057608767,-4.14904461643611,0.0,-0.12700683865499957,-0.12700683865499945,-0.12700683534145354,77.99950002655825,24.0,24.0,24.0,1.3492868794337287,1.4703510680152714,0.0,1186.632514247659,1160.8198485535745,0.5643346006804492,19.289796965459548,0.3991963827556128,2.193451628469247,0.009043374048776736,0.0
max_excess:left_ankle_pitch_joint:offset=0|max_excess:left_ankle_roll_joint:offset=-0.02,2.205999999999757,2.2049999999997576,right_ankle_pitch_joint,fixed-start-quintic-14,-0.803,0.453,-0.4224029458278253,-0.4196529203383722,2.715528808434627,2.750025489453058,0.0,-0.35615478306897536,-0.3561547830689712,-0.3561547857224941,-10.848253327625446,-10.848253327625446,-10.848253327625446,-10.848253327625446,1.3492868794337287,1.4703510680152714,0.0,1186.632514247659,1160.8198485535745,0.5643346006804492,19.289796965459548,0.3991963827556128,2.193451628469247,0.009043374048776736,0.0
max_excess:left_ankle_pitch_joint:offset=0|max_excess:left_ankle_roll_joint:offset=-0.02,2.205999999999757,2.2049999999997576,right_ankle_roll_joint,fixed-start-quintic-14,-0.2625,0.2625,0.027469320752544487,0.028880383691107302,1.4441311987865681,1.4110629385628164,0.0,-0.026835169548114695,-0.026835169548116218,-0.02683516899123788,-32.629826340495356,-24.0,-24.0,-24.0,1.3492868794337287,1.4703510680152714,0.0,1186.632514247659,1160.8198485535745,0.5643346006804492,19.289796965459548,0.3991963827556128,2.193451628469247,0.009043374048776736,0.0
max_excess:left_ankle_pitch_joint:offset=0|max_excess:left_ankle_roll_joint:offset=-0.02,2.205999999999757,2.2049999999997576,waist_pitch_joint,fixed-start-quintic-14,-0.314,0.314,0.12057244151114845,0.12160998259338161,1.0535728246136118,1.037541082233173,0.0,0.16210592291018003,0.16210592291018083,0.16210592949390412,0.5402305746963023,0.5402305746963023,0.5402305746963023,0.5402305746963023,1.3492868794337287,1.4703510680152714,0.0,1186.632514247659,1160.8198485535745,0.5643346006804492,19.289796965459548,0.3991963827556128,2.193451628469247,0.009043374048776736,0.0
peak_integration_ground_load:None:offset=0.02,2.208999999999757,2.207999999999757,left_ankle_pitch_joint,fixed-start-quintic-14,-0.803,0.453,-0.8480899299858258,-0.8479081507244309,0.09517135573683794,0.18177926139482561,0.044908150724430884,-0.6023449207739942,-0.6023449207739934,-0.6023449369072914,72.64675694730055,36.0,36.0,36.0,1.4724872438531622,1.3646505725920668,0.0,1103.301018420188,1168.024388872763,0.5639032806257032,19.289202384410835,0.36082017994850796,2.1422909976342943,0.008991342479695626,0.0
peak_integration_ground_load:None:offset=0.02,2.208999999999757,2.207999999999757,left_ankle_roll_joint,fixed-start-quintic-14,-0.262,0.262,-0.2421991432103317,-0.2461930948260267,-4.061566351924586,-3.993951615695003,0.0,-0.12700683865499957,-0.12700683865499945,-0.12700683534145354,80.50907011562316,24.0,24.0,24.0,1.4724872438531622,1.3646505725920668,0.0,1103.301018420188,1168.024388872763,0.5639032806257032,19.289202384410835,0.36082017994850796,2.1422909976342943,0.008991342479695626,0.0
peak_integration_ground_load:None:offset=0.02,2.208999999999757,2.207999999999757,right_ankle_pitch_joint,fixed-start-quintic-14,-0.803,0.453,-0.4141347247970904,-0.4113983072293342,2.7561482531718715,2.736417567756201,0.0,-0.35615478306897536,-0.3561547830689712,-0.3561547857224941,-13.788276193993713,-13.788276193993713,-13.788276193993713,-13.788276193993713,1.4724872438531622,1.3646505725920668,0.0,1103.301018420188,1168.024388872763,0.5639032806257032,19.289202384410835,0.36082017994850796,2.1422909976342943,0.008991342479695626,0.0
peak_integration_ground_load:None:offset=0.02,2.208999999999757,2.207999999999757,right_ankle_roll_joint,fixed-start-quintic-14,-0.2625,0.2625,0.03157435877320987,0.03284468204157604,1.3235113352574392,1.2703232683661734,0.0,-0.026835169548114695,-0.026835169548116218,-0.02683516899123788,-32.496679771539085,-24.0,-24.0,-24.0,1.4724872438531622,1.3646505725920668,0.0,1103.301018420188,1168.024388872763,0.5639032806257032,19.289202384410835,0.36082017994850796,2.1422909976342943,0.008991342479695626,0.0
peak_integration_ground_load:None:offset=0.02,2.208999999999757,2.207999999999757,waist_pitch_joint,fixed-start-quintic-14,-0.314,0.314,0.12361811810348769,0.1245831404956606,0.9917620540568608,0.9650223921729183,0.0,0.16210592291018003,0.16210592291018083,0.16210592949390412,0.3258366371712409,0.3258366371712409,0.3258366371712409,0.3258366371712409,1.4724872438531622,1.3646505725920668,0.0,1103.301018420188,1168.024388872763,0.5639032806257032,19.289202384410835,0.36082017994850796,2.1422909976342943,0.008991342479695626,0.0
max_excess:left_ankle_pitch_joint:offset=0.02|max_excess:left_ankle_roll_joint:offset=0,2.225999999999755,2.2249999999997554,left_ankle_pitch_joint,fixed-start-quintic-15,-0.803,0.453,-0.8396458633764323,-0.8389775575900136,0.6625120577193276,0.6683057864187655,0.03597755759001353,-0.5952462807498593,-0.5952462807498584,-0.5952462629675865,65.82441182455469,36.0,36.0,36.0,1.2940713026644382,1.1258050051570914,0.0,1002.5914779913454,996.2415393455685,0.5645183858946028,19.424706903106735,0.28725359120921357,1.8987265621191638,0.00690526034923616,0.0
max_excess:left_ankle_pitch_joint:offset=0.02|max_excess:left_ankle_roll_joint:offset=0,2.225999999999755,2.2249999999997554,left_ankle_roll_joint,fixed-start-quintic-15,-0.262,0.262,-0.278262424469856,-0.27831414755437284,-0.25712938392008394,-0.05172308451681718,0.016314147554372826,-0.12581750421052426,-0.12581750421052415,-0.12581750464439392,48.64256284383399,24.0,24.0,24.0,1.2940713026644382,1.1258050051570914,0.0,1002.5914779913454,996.2415393455685,0.5645183858946028,19.424706903106735,0.28725359120921357,1.8987265621191638,0.00690526034923616,0.0
max_excess:left_ankle_pitch_joint:offset=0.02|max_excess:left_ankle_roll_joint:offset=0,2.225999999999755,2.2249999999997554,right_ankle_pitch_joint,fixed-start-quintic-15,-0.803,0.453,-0.37180583883555424,-0.36911561936152776,2.692976016601774,2.6902194740264824,0.0,-0.31612552418589995,-0.3161255241858955,-0.31615478453040124,-13.77222935504372,-13.77222935504372,-13.77222935504372,-13.77222935504372,1.2940713026644382,1.1258050051570914,0.0,1002.5914779913454,996.2415393455685,0.5645183858946028,19.424706903106735,0.28725359120921357,1.8987265621191638,0.00690526034923616,0.0
max_excess:left_ankle_pitch_joint:offset=0.02|max_excess:left_ankle_roll_joint:offset=0,2.225999999999755,2.2249999999997554,right_ankle_roll_joint,fixed-start-quintic-15,-0.2625,0.2625,0.042358322499084576,0.042184825027327656,-0.0680287263828267,-0.17349747175692154,0.0,-0.041197321896907266,-0.04119732189690886,-0.04119732063263655,-24.297035759663842,-24.0,-24.0,-24.0,1.2940713026644382,1.1258050051570914,0.0,1002.5914779913454,996.2415393455685,0.5645183858946028,19.424706903106735,0.28725359120921357,1.8987265621191638,0.00690526034923616,0.0
max_excess:left_ankle_pitch_joint:offset=0.02|max_excess:left_ankle_roll_joint:offset=0,2.225999999999755,2.2249999999997554,waist_pitch_joint,fixed-start-quintic-15,-0.314,0.314,0.13699875024124317,0.1375606889214191,0.6025112513570325,0.5619386801759347,0.0,0.1698948412258922,0.16989484122589305,0.169894833445549,3.0521882960797493,3.0521882960797493,3.0521882960797493,3.0521882960797493,1.2940713026644382,1.1258050051570914,0.0,1002.5914779913454,996.2415393455685,0.5645183858946028,19.424706903106735,0.28725359120921357,1.8987265621191638,0.00690526034923616,0.0
first_residual_active:None:offset=-0.02,2.2409999999997536,2.2399999999997533,left_ankle_pitch_joint,fixed-start-quintic-16,-0.803,0.453,-0.8294178408898093,-0.8286883565490417,0.7160569881200268,0.7294843407676236,0.02568835654904167,-0.5879068958712039,-0.587906895871203,-0.5879068852663041,64.35202665480058,36.0,36.0,36.0,1.1139742018659593,0.9666058742760361,0.0,855.530288619332,856.5563004554576,0.5685121326877896,19.609572778690623,0.3494793391861036,1.700871569692805,0.00479413971414248,0.0
first_residual_active:None:offset=-0.02,2.2409999999997536,2.2399999999997533,left_ankle_roll_joint,fixed-start-quintic-16,-0.262,0.262,-0.2605825592020798,-0.25846340947266744,2.112730754574797,2.1191497294123502,0.0,-0.12458783441352536,-0.12458783441352522,-0.12458783674240113,16.895596843804228,16.895596843804228,16.895596843804228,16.895596843804228,1.1139742018659593,0.9666058742760361,0.0,855.530288619332,856.5563004554576,0.5685121326877896,19.609572778690623,0.3494793391861036,1.700871569692805,0.00479413971414248,0.0
first_residual_active:None:offset=-0.02,2.2409999999997536,2.2399999999997533,right_ankle_pitch_joint,fixed-start-quintic-16,-0.803,0.453,-0.3373397050959678,-0.33530741973223055,1.8016212604650985,2.032285363737214,0.0,-0.2747387041258095,-0.2747387041258048,-0.27615478333830834,-2.0275412391777934,-2.0275412391777934,-2.0275412391777934,-2.0275412391777934,1.1139742018659593,0.9666058742760361,0.0,855.530288619332,856.5563004554576,0.5685121326877896,19.609572778690623,0.3494793391861036,1.700871569692805,0.00479413971414248,0.0
first_residual_active:None:offset=-0.02,2.2409999999997536,2.2399999999997533,right_ankle_roll_joint,fixed-start-quintic-16,-0.2625,0.2625,0.03373257647628153,0.03284010845620268,-0.8272399478687498,-0.8924680200788504,0.0,-0.056046555470562046,-0.0560465554705637,-0.05604655668139458,-17.574588318400448,-17.574588318400448,-17.574588318400448,-17.574588318400448,1.1139742018659593,0.9666058742760361,0.0,855.530288619332,856.5563004554576,0.5685121326877896,19.609572778690623,0.3494793391861036,1.700871569692805,0.00479413971414248,0.0
first_residual_active:None:offset=-0.02,2.2409999999997536,2.2399999999997533,waist_pitch_joint,fixed-start-quintic-16,-0.314,0.314,0.14207071859324608,0.14227807214838248,0.18970022783548762,0.20735355513640777,0.0,0.17794791464742932,0.1779479146474302,0.17794791173934937,8.616944863909287,8.616944863909287,8.616944863909287,8.616944863909287,1.1139742018659593,0.9666058742760361,0.0,855.530288619332,856.5563004554576,0.5685121326877896,19.609572778690623,0.3494793391861036,1.700871569692805,0.00479413971414248,0.0
max_excess:left_ankle_roll_joint:offset=0.02,2.2459999999997526,2.244999999999753,left_ankle_pitch_joint,fixed-start-quintic-16,-0.803,0.453,-0.8254839018780596,-0.8245671796059161,0.8633557857531281,0.9167222721435919,0.02156717960591603,-0.5879068958712039,-0.587906895871203,-0.5879068852663041,61.50534929260383,36.0,36.0,36.0,1.0116608899034079,0.8156275562015362,0.0,752.1200202849967,752.278390631783,0.5703110576501911,19.644872145032295,0.38023274683759667,1.6442525663117136,0.00420084537663377,0.0
max_excess:left_ankle_roll_joint:offset=0.02,2.2459999999997526,2.244999999999753,left_ankle_roll_joint,fixed-start-quintic-16,-0.262,0.262,-0.2500440168542944,-0.2480050221006839,2.0722451835902715,2.0389947536105013,0.0,-0.12458783441352536,-0.12458783441352522,-0.12458783674240113,14.19207608800248,14.19207608800248,14.19207608800248,14.19207608800248,1.0116608899034079,0.8156275562015362,0.0,752.1200202849967,752.278390631783,0.5703110576501911,19.644872145032295,0.38023274683759667,1.6442525663117136,0.00420084537663377,0.0
max_excess:left_ankle_roll_joint:offset=0.02,2.2459999999997526,2.244999999999753,right_ankle_pitch_joint,fixed-start-quintic-16,-0.803,0.453,-0.3261530724764345,-0.3238062327066739,2.3538922991524354,2.3468397697605563,0.0,-0.2747387041258095,-0.2747387041258048,-0.27615478333830834,-11.631764569177843,-11.631764569177843,-11.631764569177843,-11.631764569177843,1.0116608899034079,0.8156275562015362,0.0,752.1200202849967,752.278390631783,0.5703110576501911,19.644872145032295,0.38023274683759667,1.6442525663117136,0.00420084537663377,0.0
max_excess:left_ankle_roll_joint:offset=0.02,2.2459999999997526,2.244999999999753,right_ankle_roll_joint,fixed-start-quintic-16,-0.2625,0.2625,0.028816071204671112,0.027731149951843063,-1.059423989341269,-1.084921252828049,0.0,-0.056046555470562046,-0.0560465554705637,-0.05604655668139458,-13.472774173581053,-13.472774173581053,-13.472774173581053,-13.472774173581053,1.0116608899034079,0.8156275562015362,0.0,752.1200202849967,752.278390631783,0.5703110576501911,19.644872145032295,0.38023274683759667,1.6442525663117136,0.00420084537663377,0.0
max_excess:left_ankle_roll_joint:offset=0.02,2.2459999999997526,2.244999999999753,waist_pitch_joint,fixed-start-quintic-16,-0.314,0.314,0.14302426216700542,0.1431692234243193,0.1621302902799801,0.1449612573138725,0.0,0.17794791464742932,0.1779479146474302,0.17794791173934937,8.642800028619709,8.642800028619709,8.642800028619709,8.642800028619709,1.0116608899034079,0.8156275562015362,0.0,752.1200202849967,752.278390631783,0.5703110576501911,19.644872145032295,0.38023274683759667,1.6442525663117136,0.00420084537663377,0.0
first_residual_active:None:offset=0,2.2609999999997514,2.259999999999751,left_ankle_pitch_joint,fixed-start-quintic-17,-0.803,0.453,-0.8054399056982412,-0.8036205222344952,1.7665293675932006,1.8193834637459578,0.0006205222344951578,-0.5804211349057091,-0.5804240233552824,-0.5804240188598633,47.51876773166801,36.0,36.0,36.0,1.0143753351556144,0.7244088451731582,0.0,714.3070438043758,715.8419720881931,0.5764745873038049,19.601558880520653,0.4438511443748609,1.6171839985842773,0.002798977454316921,0.0011581249999157617
first_residual_active:None:offset=0,2.2609999999997514,2.259999999999751,left_ankle_roll_joint,fixed-start-quintic-17,-0.262,0.262,-0.22256236794573458,-0.22101219439025058,1.6189044738130935,1.550173555484,0.0,-0.1233336401834895,-0.12333470846661666,-0.12333470517396927,11.452485527105946,11.452485527105946,11.452485527105946,11.452485527105946,1.0143753351556144,0.7244088451731582,0.0,714.3070438043758,715.8419720881931,0.5764745873038049,19.601558880520653,0.4438511443748609,1.6171839985842773,0.002798977454316921,0.0011581249999157617
first_residual_active:None:offset=0,2.2609999999997514,2.259999999999751,right_ankle_pitch_joint,fixed-start-quintic-17,-0.803,0.453,-0.29702533156921707,-0.29534222808939786,1.432713594411704,1.6831034798192006,0.0,-0.2325264687390568,-0.23252734926547083,-0.23615478214621544,2.0518608571937875,2.0518608571937875,2.0518608571937875,2.0518608571937875,1.0143753351556144,0.7244088451731582,0.0,714.3070438043758,715.8419720881931,0.5764745873038049,19.601558880520653,0.4438511443748609,1.6171839985842773,0.002798977454316921,0.0011581249999157617
first_residual_active:None:offset=0,2.2609999999997514,2.259999999999751,right_ankle_roll_joint,fixed-start-quintic-17,-0.2625,0.2625,0.011232275849502978,0.009964299860177188,-1.2043513860023305,-1.26797598932579,0.0,-0.07119194093419255,-0.07119422230649068,-0.07119422480463981,-11.102269684664194,-11.102269684664194,-11.102269684664194,-11.102269684664194,1.0143753351556144,0.7244088451731582,0.0,714.3070438043758,715.8419720881931,0.5764745873038049,19.601558880520653,0.4438511443748609,1.6171839985842773,0.002798977454316921,0.0011581249999157617
first_residual_active:None:offset=0,2.2609999999997514,2.259999999999751,waist_pitch_joint,fixed-start-quintic-17,-0.314,0.314,0.14456117743669236,0.14473702319204637,0.13805994291429002,0.17584575535400832,0.0,0.18616159790125653,0.18616210170063185,0.18616209614276885,10.918305662304192,10.918305662304192,10.918305662304192,10.918305662304192,1.0143753351556144,0.7244088451731582,0.0,714.3070438043758,715.8419720881931,0.5764745873038049,19.601558880520653,0.4438511443748609,1.6171839985842773,0.002798977454316921,0.0011581249999157617
first_residual_active:None:offset=0.02,2.2809999999997492,2.279999999999749,left_ankle_pitch_joint,fixed-start-quintic-18,-0.803,0.453,-0.7610941818583435,-0.7586425701925831,2.4445498063994417,2.4516116657604448,0.0,-0.5728862603822462,-0.572953965413746,-0.5729539439082146,28.785147464185755,28.785147464185755,28.785147464185755,28.785147464185755,0.8709626854506674,0.46239775334353206,0.0,547.6099219810676,548.9326259170039,0.5857540654384796,19.11996357705339,0.503105985672603,1.7637997122070568,0.001884726077662195,0.026611874999387695
first_residual_active:None:offset=0.02,2.2809999999997492,2.279999999999749,left_ankle_roll_joint,fixed-start-quintic-18,-0.262,0.262,-0.19667404228913163,-0.19553579662681608,1.1796884851208131,1.1382456623155415,0.0,-0.1220712172721874,-0.12209686755278008,-0.12209686988592149,9.026500080697243,9.026500080697243,9.026500080697243,9.026500080697243,0.8709626854506674,0.46239775334353206,0.0,547.6099219810676,548.9326259170039,0.5857540654384796,19.11996357705339,0.503105985672603,1.7637997122070568,0.001884726077662195,0.026611874999387695
first_residual_active:None:offset=0.02,2.2809999999997492,2.279999999999749,right_ankle_pitch_joint,fixed-start-quintic-18,-0.803,0.453,-0.2630793408963984,-0.26167168539688024,1.0767708448797917,1.4076554995181567,0.0,-0.19003728180667073,-0.19005864333117367,-0.19615478095412253,7.895096523507258,7.895096523507258,7.895096523507258,7.895096523507258,0.8709626854506674,0.46239775334353206,0.0,547.6099219810676,548.9326259170039,0.5857540654384796,19.11996357705339,0.503105985672603,1.7637997122070568,0.001884726077662195,0.026611874999387695
first_residual_active:None:offset=0.02,2.2809999999997492,2.279999999999749,right_ankle_roll_joint,fixed-start-quintic-18,-0.2625,0.2625,-0.016371712198794106,-0.017811411453601905,-1.2957932026962369,-1.4396992548078003,0.0,-0.08643669422032609,-0.08648993025220622,-0.08648992963135242,-6.375238659496398,-6.375238659496398,-6.375238659496398,-6.375238659496398,0.8709626854506674,0.46239775334353206,0.0,547.6099219810676,548.9326259170039,0.5857540654384796,19.11996357705339,0.503105985672603,1.7637997122070568,0.001884726077662195,0.026611874999387695
first_residual_active:None:offset=0.02,2.2809999999997492,2.279999999999749,waist_pitch_joint,fixed-start-quintic-18,-0.314,0.314,0.1492567223409824,0.14963621888693365,0.3385961093935639,0.3794965459512539,0.0,0.19442917056064707,0.19444046787548191,0.19444047594070435,9.72434839934745,9.72434839934745,9.72434839934745,9.72434839934745,0.8709626854506674,0.46239775334353206,0.0,547.6099219810676,548.9326259170039,0.5857540654384796,19.11996357705339,0.503105985672603,1.7637997122070568,0.001884726077662195,0.026611874999387695
